0.4179726243019104,0.7733602523803711,-3.833299899724807e-09,0.46377140283584595,0.6556990146636963,-0.020280182361602783,0.490566611289978,0.5635722279548645,-0.07002447545528412,0.49756988883018494,0.4850653409957886,-0.12142264097929001,0.4997130334377289,0.4019370377063751,-0.17471620440483093,0.5688813924789429,0.6845520734786987,-0.12916536629199982,0.6166795492172241,0.7004294991493225,-0.21112634241580963,0.629274308681488,0.6219445466995239,-0.25296515226364136,0.6283139586448669,0.5453586578369141,-0.27500468492507935,0.5360608100891113,0.7317413687705994,-0.15548941493034363,0.5552988648414612,0.6192151308059692,-0.24711690843105316,0.5217110514640808,0.5113672018051147,-0.2638334035873413,0.49635034799575806,0.4768269658088684,-0.2646622359752655,0.48765236139297485,0.763395369052887,-0.1826377809047699,0.4852484166622162,0.6308648586273193,-0.2659190595149994,0.4540480077266693,0.5157943964004517,-0.2636047601699829,0.43503984808921814,0.47161293029785156,-0.24884848296642303,0.43854087591171265,0.7843563556671143,-0.2091415524482727,0.44356024265289307,0.7059090733528137,-0.26822590827941895,0.4320226311683655,0.6391160488128662,-0.26970961689949036,0.4232272505760193,0.6178720593452454,-0.2623772621154785,G
0.37413978576660156,0.7288529872894287,-3.304978406504233e-07,0.4195508062839508,0.6322101354598999,0.0032238634303212166,0.45707786083221436,0.5586229562759399,-0.029440496116876602,0.47441163659095764,0.48451918363571167,-0.07227148115634918,0.492112934589386,0.40862715244293213,-0.11580321192741394,0.5466281175613403,0.6798932552337646,-0.07167190313339233,0.6120418310165405,0.6814749240875244,-0.1360725462436676,0.6247273683547974,0.5983909368515015,-0.16199862957000732,0.6203976273536682,0.5208470225334167,-0.17255911231040955,0.5220898985862732,0.7242987751960754,-0.11002717912197113,0.5533048510551453,0.6107747554779053,-0.1914832890033722,0.5170648694038391,0.5013943314552307,-0.20273789763450623,0.4870290756225586,0.4608396291732788,-0.19639906287193298,0.4833555817604065,0.759631872177124,-0.15067431330680847,0.48511388897895813,0.6211526989936829,-0.22691406309604645,0.44897764921188354,0.5001392960548401,-0.22375427186489105,0.4266798794269562,0.4477822780609131,-0.20690980553627014,0.4425346255302429,0.7911157608032227,-0.19023895263671875,0.45391181111335754,0.7191671133041382,-0.2466062307357788,0.4413721561431885,0.6539958119392395,-0.2503238320350647,0.42899033427238464,0.6319947838783264,-0.24308477342128754,G
0.3552612066268921,0.7322603464126587,-3.04867342038051e-07,0.4103751480579376,0.6130138039588928,0.013785106129944324,0.4473036527633667,0.5392709970474243,-0.01901768334209919,0.47049880027770996,0.4727856516838074,-0.06770115345716476,0.4973921477794647,0.40225696563720703,-0.1177300363779068,0.539354145526886,0.6819639205932617,-0.04567551240324974,0.6054171919822693,0.670880138874054,-0.1066506952047348,0.6216419339179993,0.5932262539863586,-0.13113678991794586,0.617331862449646,0.5189363956451416,-0.14113160967826843,0.5130972862243652,0.7221139669418335,-0.09471883624792099,0.5485237240791321,0.6063843369483948,-0.17526616156101227,0.5151615142822266,0.5007522106170654,-0.1877213418483734,0.4882673919200897,0.45114266872406006,-0.18210873007774353,0.4782581329345703,0.7557820081710815,-0.14752086997032166,0.48940789699554443,0.6229214072227478,-0.2259003072977066,0.4558446407318115,0.5082489252090454,-0.2257264107465744,0.4316743314266205,0.4460240602493286,-0.21075841784477234,0.4413931369781494,0.786102831363678,-0.19904960691928864,0.4592069685459137,0.7141876220703125,-0.25884270668029785,0.447801798582077,0.6515487432479858,-0.26649990677833557,0.4329720139503479,0.6190147399902344,-0.26213744282722473,G
0.37622398138046265,0.7502074837684631,-2.3241382507421804e-07,0.4322853684425354,0.6309670805931091,0.012630379758775234,0.4637955129146576,0.5568332076072693,-0.02294144034385681,0.48248976469039917,0.48111703991889954,-0.07220077514648438,0.49997198581695557,0.390532910823822,-0.1234477311372757,0.5473160743713379,0.6782562136650085,-0.0655209869146347,0.6109595894813538,0.6723636388778687,-0.1315622329711914,0.6263819932937622,0.5921447277069092,-0.15983055531978607,0.6221820116043091,0.514191210269928,-0.17287267744541168,0.5183992385864258,0.7139127254486084,-0.11340104043483734,0.5468088388442993,0.5996609926223755,-0.19883525371551514,0.5118814706802368,0.49819284677505493,-0.2136046588420868,0.48450106382369995,0.45127761363983154,-0.2110908478498459,0.48187798261642456,0.7439147233963013,-0.16353368759155273,0.4868927597999573,0.6132901310920715,-0.2446891814470291,0.45324090123176575,0.504054605960846,-0.24772779643535614,0.42979687452316284,0.44562000036239624,-0.23666712641716003,0.4463510513305664,0.7717727422714233,-0.21171827614307404,0.45466649532318115,0.7058876752853394,-0.27356526255607605,0.440548837184906,0.6547223925590515,-0.28362327814102173,0.42525529861450195,0.6341764330863953,-0.2827090620994568,G
0.37865394353866577,0.7377500534057617,-2.396211016275629e-07,0.4306192696094513,0.6213342547416687,0.0006164904916658998,0.4668387174606323,0.5482740998268127,-0.03406858071684837,0.48440641164779663,0.4762921929359436,-0.07694190740585327,0.4975314140319824,0.39629030227661133,-0.12141592055559158,0.5539905428886414,0.6746988892555237,-0.08005119860172272,0.6141301393508911,0.6705076098442078,-0.14557091891765594,0.6252777576446533,0.5923915505409241,-0.17738065123558044,0.6230928897857666,0.5113974809646606,-0.19468973577022552,0.5259888172149658,0.7213350534439087,-0.11847963184118271,0.5498561859130859,0.6098981499671936,-0.2009047567844391,0.5161980390548706,0.5015742778778076,-0.2220681607723236,0.4888553023338318,0.44663602113723755,-0.22722581028938293,0.48549968004226685,0.7541053295135498,-0.1583552360534668,0.48728513717651367,0.6257609128952026,-0.23771898448467255,0.4498465359210968,0.5051784515380859,-0.2483704835176468,0.426152765750885,0.4374426007270813,-0.24421298503875732,0.4436738193035126,0.779980480670929,-0.19641612470149994,0.4514036774635315,0.7138617038726807,-0.2604203224182129,0.43791574239730835,0.656633734703064,-0.27584657073020935,0.4267220199108124,0.6277714967727661,-0.27922528982162476,G
0.3781772255897522,0.7651314735412598,-3.27685654610832e-07,0.4289439022541046,0.6640617251396179,0.012647617608308792,0.46224790811538696,0.5834337472915649,-0.020732613280415535,0.474850058555603,0.4959501326084137,-0.06714573502540588,0.4898122549057007,0.40264153480529785,-0.11504577845335007,0.5463628768920898,0.6941236853599548,-0.06872561573982239,0.6116601228713989,0.6795471906661987,-0.12667658925056458,0.6230924129486084,0.5988221764564514,-0.14639879763126373,0.6205077171325684,0.5216307640075684,-0.15459305047988892,0.5233166217803955,0.7307121157646179,-0.11291300505399704,0.5448830127716064,0.6062943339347839,-0.1896945983171463,0.5117396712303162,0.5011613965034485,-0.1989535540342331,0.48519378900527954,0.45419803261756897,-0.19515888392925262,0.4869110584259033,0.7562363743782043,-0.15854933857917786,0.48608890175819397,0.6184467673301697,-0.23315156996250153,0.4509354531764984,0.49995094537734985,-0.23275382816791534,0.425185889005661,0.4383966326713562,-0.22084683179855347,0.44918787479400635,0.7782247066497803,-0.2022024691104889,0.4631299376487732,0.7152531147003174,-0.2630316913127899,0.45191311836242676,0.6550791263580322,-0.27412328124046326,0.4367429316043854,0.6233624219894409,-0.27382615208625793,G
0.3860887885093689,0.7551259398460388,-3.325426973788126e-07,0.4359608590602875,0.6498023271560669,-0.0009088051156140864,0.4762032628059387,0.5664879679679871,-0.029250677675008774,0.49071580171585083,0.48375535011291504,-0.06326478719711304,0.495223730802536,0.40064823627471924,-0.09883404523134232,0.5559343695640564,0.6909958720207214,-0.0690840408205986,0.6130214929580688,0.6739588379859924,-0.11990629881620407,0.6221306920051575,0.5960693359375,-0.14139465987682343,0.6194770336151123,0.5157703757286072,-0.1520538628101349,0.5330952405929565,0.7492980360984802,-0.0972905382514,0.5486098527908325,0.6050655841827393,-0.1611834317445755,0.5127084255218506,0.5017437934875488,-0.1734231412410736,0.48483994603157043,0.45412081480026245,-0.17400237917900085,0.4925819933414459,0.7861288189888,-0.12598268687725067,0.4856949746608734,0.6196999549865723,-0.188020259141922,0.4496951401233673,0.5044271945953369,-0.19065172970294952,0.42697376012802124,0.4442654848098755,-0.18271911144256592,0.4491085708141327,0.810376763343811,-0.1529470831155777,0.45407694578170776,0.7148069143295288,-0.20193001627922058,0.43956345319747925,0.6631490588188171,-0.20817264914512634,0.4298059046268463,0.6453819870948792,-0.20549023151397705,G
0.3999575972557068,0.8413665294647217,-2.2764943707898055e-07,0.44601085782051086,0.698982298374176,0.0013853174168616533,0.4794095456600189,0.5971229076385498,-0.03181217610836029,0.48745599389076233,0.4998106062412262,-0.06823772937059402,0.4940221607685089,0.3978964686393738,-0.10523313283920288,0.5582811832427979,0.7154618501663208,-0.104770727455616,0.6287307143211365,0.6915267109870911,-0.1643630862236023,0.6323031187057495,0.5953435897827148,-0.18514348566532135,0.6202014684677124,0.5082095861434937,-0.1936209499835968,0.5301273465156555,0.7694704532623291,-0.13459867238998413,0.5540206432342529,0.6244889497756958,-0.20391520857810974,0.5193493962287903,0.5170674324035645,-0.20975083112716675,0.4902104139328003,0.477803111076355,-0.20700857043266296,0.4848288297653198,0.8025631904602051,-0.162777841091156,0.4819715917110443,0.6351407766342163,-0.22595423460006714,0.4475627839565277,0.5165892243385315,-0.22258064150810242,0.42388221621513367,0.4594002962112427,-0.21256549656391144,0.4374612867832184,0.8271234631538391,-0.188349187374115,0.44732558727264404,0.7456029653549194,-0.23785647749900818,0.4398469030857086,0.6890069246292114,-0.2424291968345642,0.43198126554489136,0.6636154651641846,-0.2397226244211197,G
0.3933844566345215,0.8749831318855286,-1.959462423428704e-07,0.4376388490200043,0.7250421643257141,-0.001467627938836813,0.4718869924545288,0.6210347414016724,-0.03618929535150528,0.47851312160491943,0.5208560824394226,-0.07462247461080551,0.4886164665222168,0.4133557677268982,-0.11390064656734467,0.5524731278419495,0.7303113341331482,-0.10329251736402512,0.6286597847938538,0.6990014314651489,-0.1654772013425827,0.6318457126617432,0.6026344895362854,-0.19068677723407745,0.6182495355606079,0.5177809000015259,-0.20215049386024475,0.5208569169044495,0.7829765677452087,-0.13218438625335693,0.5480586290359497,0.6421168446540833,-0.20742537081241608,0.5114726424217224,0.5246381759643555,-0.22058314085006714,0.4803340435028076,0.4736078977584839,-0.2218364179134369,0.4739528298377991,0.8193143010139465,-0.1595396250486374,0.47294992208480835,0.6563531160354614,-0.22595582902431488,0.43722546100616455,0.5298571586608887,-0.2277330607175827,0.41347163915634155,0.4650116562843323,-0.21981753408908844,0.42543914914131165,0.8449495434761047,-0.1843693107366562,0.44292765855789185,0.7580363750457764,-0.23211337625980377,0.43758895993232727,0.6885157227516174,-0.23702581226825714,0.43243375420570374,0.652522623538971,-0.23442138731479645,G
0.39101386070251465,0.908951997756958,-1.5432830480222037e-07,0.4443891644477844,0.7604060173034668,0.0024012806825339794,0.47543632984161377,0.6476686596870422,-0.03327058255672455,0.4794495701789856,0.5432717204093933,-0.07179021090269089,0.49340832233428955,0.435813844203949,-0.11259470880031586,0.5552791357040405,0.743579626083374,-0.11198201030492783,0.6281650066375732,0.7067208290100098,-0.183052197098732,0.6387519240379333,0.610020101070404,-0.21814940869808197,0.6321792006492615,0.5212633609771729,-0.23600134253501892,0.5211476683616638,0.7996290326118469,-0.143117293715477,0.5455796122550964,0.6491189002990723,-0.2190253883600235,0.5135078430175781,0.5331711173057556,-0.23183707892894745,0.48602721095085144,0.4790477752685547,-0.23406486213207245,0.4712257981300354,0.8389263153076172,-0.17212752997875214,0.47442901134490967,0.6712880730628967,-0.23836635053157806,0.44229984283447266,0.5510531663894653,-0.23784096539020538,0.4212436079978943,0.48804083466529846,-0.22898200154304504,0.419262170791626,0.8670777678489685,-0.19819603860378265,0.4303176999092102,0.7568075656890869,-0.24801506102085114,0.4221900701522827,0.6769165396690369,-0.25271451473236084,0.41563186049461365,0.6327103972434998,-0.2494576871395111,G
0.39306944608688354,0.9156249761581421,-1.8023237657871505e-07,0.4465753734111786,0.7838923931121826,0.0036788659635931253,0.47630858421325684,0.6643705368041992,-0.025405099615454674,0.47591644525527954,0.5505304336547852,-0.056917108595371246,0.48757436871528625,0.4442631006240845,-0.08994553983211517,0.5561431050300598,0.7477095723152161,-0.09451152384281158,0.6271467208862305,0.6823188662528992,-0.15664830803871155,0.6374553442001343,0.5798376202583313,-0.18584677577018738,0.6323561668395996,0.49042612314224243,-0.19914907217025757,0.5222839117050171,0.7913535833358765,-0.12043502181768417,0.5433270335197449,0.6282065510749817,-0.18726269900798798,0.5107672810554504,0.5142856240272522,-0.19605500996112823,0.4823628067970276,0.46297013759613037,-0.1946098655462265,0.47351697087287903,0.8201944828033447,-0.14445604383945465,0.4704451858997345,0.6462340354919434,-0.20337912440299988,0.44048336148262024,0.5277456045150757,-0.20148862898349762,0.4218628406524658,0.4650800824165344,-0.19068236649036407,0.42322057485580444,0.8413263559341431,-0.16550327837467194,0.42697256803512573,0.716833233833313,-0.2055177092552185,0.4184435307979584,0.6398206353187561,-0.205904021859169,0.4128401279449463,0.6023799180984497,-0.19925764203071594,G
0.4007952809333801,0.9245916604995728,-1.7327454315818613e-07,0.45038995146751404,0.7764250636100769,0.013616667129099369,0.4779593050479889,0.6507667303085327,-0.013989979401230812,0.47641727328300476,0.5437609553337097,-0.045073527842760086,0.4859881103038788,0.4352390766143799,-0.07843360304832458,0.553520143032074,0.721514880657196,-0.10136522352695465,0.6236904859542847,0.6584873795509338,-0.16736038029193878,0.6343042850494385,0.5598158240318298,-0.19693638384342194,0.6290614604949951,0.4733695387840271,-0.21051806211471558,0.5209932923316956,0.7730074524879456,-0.1342640519142151,0.5422900319099426,0.6013643145561218,-0.20799189805984497,0.5058698058128357,0.4922000765800476,-0.2159416824579239,0.473763644695282,0.44622474908828735,-0.21262229979038239,0.47321537137031555,0.8118862509727478,-0.16402290761470795,0.4733762741088867,0.6328116059303284,-0.22881391644477844,0.4419481158256531,0.5152441263198853,-0.22734086215496063,0.42161309719085693,0.4530408978462219,-0.21612244844436646,0.42346078157424927,0.8425767421722412,-0.18935544788837433,0.4286136031150818,0.7198749780654907,-0.23739996552467346,0.4228873550891876,0.639054000377655,-0.24259281158447266,0.4192267954349518,0.5955169796943665,-0.2389041632413864,G
0.4091201424598694,0.9465759992599487,-1.1038231662041653e-07,0.4532129168510437,0.8130444288253784,-0.002933887066319585,0.47803419828414917,0.6690400838851929,-0.023112066090106964,0.4720405638217926,0.5426596999168396,-0.04416729882359505,0.47617247700691223,0.4365735948085785,-0.06694701313972473,0.554399847984314,0.7248262763023376,-0.06442593038082123,0.6215261220932007,0.6548651456832886,-0.10601901262998581,0.6292172074317932,0.5547654032707214,-0.12608025968074799,0.6247508525848389,0.4662970006465912,-0.1369275152683258,0.5253422260284424,0.7730631232261658,-0.07986054569482803,0.5347332954406738,0.5937776565551758,-0.12818431854248047,0.4975910782814026,0.4877760410308838,-0.13989856839179993,0.46860766410827637,0.43810826539993286,-0.14336027204990387,0.48051902651786804,0.8077746629714966,-0.0937395840883255,0.46950191259384155,0.6171697378158569,-0.13637147843837738,0.43575310707092285,0.5066242814064026,-0.14095063507556915,0.41482865810394287,0.44710952043533325,-0.13794422149658203,0.4321597218513489,0.8316113352775574,-0.10559824854135513,0.42941907048225403,0.7048266530036926,-0.13795062899589539,0.4195369482040405,0.6389871835708618,-0.1442491114139557,0.416387677192688,0.6048763394355774,-0.14361831545829773,G
0.415114164352417,0.918062686920166,-5.834921878999921e-08,0.46529048681259155,0.8045673966407776,0.00564893614500761,0.486783891916275,0.6633626222610474,-0.015065742656588554,0.4805510342121124,0.5402320623397827,-0.03610518202185631,0.480122447013855,0.4367784857749939,-0.060451436787843704,0.553925096988678,0.7056142687797546,-0.08349864184856415,0.6181551218032837,0.6289364695549011,-0.12910784780979156,0.6234013438224792,0.5273860692977905,-0.14929692447185516,0.6151265501976013,0.43789494037628174,-0.15930220484733582,0.5242033004760742,0.7571953535079956,-0.10355286300182343,0.5285219550132751,0.5659968256950378,-0.15372440218925476,0.4943569302558899,0.4596937894821167,-0.16170088946819305,0.46491605043411255,0.4112541973590851,-0.16232918202877045,0.4783952236175537,0.7933171987533569,-0.1194603219628334,0.4624129831790924,0.5900610089302063,-0.16688215732574463,0.43381810188293457,0.47911545634269714,-0.16955891251564026,0.41682785749435425,0.4206041395664215,-0.16355140507221222,0.4310845136642456,0.8145103454589844,-0.13096308708190918,0.41888105869293213,0.6632132530212402,-0.16360224783420563,0.4112027585506439,0.5927697420120239,-0.16495737433433533,0.4106902480125427,0.5611752271652222,-0.1602972447872162,G
0.40025418996810913,0.6745723485946655,-3.316582706247573e-07,0.45044833421707153,0.5831076502799988,-0.031051956117153168,0.4876827001571655,0.5204204320907593,-0.06541470438241959,0.49762025475502014,0.4526177644729614,-0.09955105930566788,0.49736982583999634,0.4028409421443939,-0.13172084093093872,0.5592222809791565,0.670621395111084,-0.08146867156028748,0.6070166230201721,0.6980369687080383,-0.13160599768161774,0.6077396869659424,0.6264621615409851,-0.15255139768123627,0.59184330701828,0.5469664335250854,-0.1609886735677719,0.5304130911827087,0.7429648637771606,-0.08850451558828354,0.5189886689186096,0.6050367951393127,-0.15094178915023804,0.48750540614128113,0.4927710294723511,-0.1665303111076355,0.4679168164730072,0.44543561339378357,-0.16863755881786346,0.4809403121471405,0.7785882949829102,-0.09824404120445251,0.45712441205978394,0.6283455491065979,-0.16022992134094238,0.4355836510658264,0.5027207136154175,-0.1663583517074585,0.4197673499584198,0.42791032791137695,-0.15831167995929718,0.4299716055393219,0.7924058437347412,-0.109001025557518,0.4202110171318054,0.7464473247528076,-0.16101914644241333,0.42011773586273193,0.6977031230926514,-0.1714511215686798,0.41871583461761475,0.6597005724906921,-0.16846930980682373,G
0.4066738784313202,0.6819701194763184,-2.920072006418195e-07,0.45409727096557617,0.5896459817886353,-0.034028101712465286,0.492881178855896,0.5230153799057007,-0.0710039958357811,0.5007669925689697,0.4528714716434479,-0.10779255628585815,0.4984539747238159,0.3870706260204315,-0.14354774355888367,0.5600950121879578,0.676028311252594,-0.08542954921722412,0.605902373790741,0.7004222869873047,-0.14140653610229492,0.6076005697250366,0.6277561783790588,-0.16810545325279236,0.5951226353645325,0.5471038818359375,-0.1802496314048767,0.5281174778938293,0.7457807660102844,-0.09327535331249237,0.5220474004745483,0.608259379863739,-0.16104234755039215,0.4855739176273346,0.48879414796829224,-0.17713917791843414,0.46398043632507324,0.43649446964263916,-0.17827686667442322,0.4757319390773773,0.7812860608100891,-0.10449100285768509,0.45702141523361206,0.6340176463127136,-0.1691044718027115,0.4340342879295349,0.5095221400260925,-0.17081379890441895,0.4190358519554138,0.4348168671131134,-0.1588994711637497,0.42379382252693176,0.7930608987808228,-0.11722404509782791,0.419785737991333,0.7431694269180298,-0.1684476137161255,0.4179726243019104,0.6951062679290771,-0.1738778054714203,0.41730666160583496,0.6617509722709656,-0.16712868213653564,G
0.40941184759140015,0.6827907562255859,-3.040705962575885e-07,0.4563891589641571,0.5843589305877686,-0.03211401402950287,0.49127495288848877,0.5186235308647156,-0.0696365162730217,0.504304826259613,0.4567488431930542,-0.1073426753282547,0.5106127858161926,0.39439377188682556,-0.14359411597251892,0.5594980716705322,0.6741843223571777,-0.08177269250154495,0.6062297821044922,0.700476348400116,-0.13749518990516663,0.6064234972000122,0.632592499256134,-0.16615717113018036,0.591633677482605,0.5548399686813354,-0.17947785556316376,0.5292509198188782,0.7443857789039612,-0.09034816175699234,0.521594762802124,0.6225341558456421,-0.15481486916542053,0.48833227157592773,0.5115136504173279,-0.17123371362686157,0.46572422981262207,0.4593515992164612,-0.17384332418441772,0.4794415831565857,0.7808786034584045,-0.10230758041143417,0.45871737599372864,0.6448294520378113,-0.162526473402977,0.43723925948143005,0.5250672101974487,-0.16424483060836792,0.42190125584602356,0.4471360445022583,-0.15398208796977997,0.4292326271533966,0.7975904941558838,-0.1159694716334343,0.42220228910446167,0.7541519403457642,-0.16256515681743622,0.4213257431983948,0.7069551348686218,-0.16655687987804413,0.42155957221984863,0.6683399677276611,-0.16003765165805817,G
0.39542531967163086,0.6925039887428284,-2.331498478724825e-07,0.437117338180542,0.5910205245018005,-0.04265055060386658,0.4766322076320648,0.5208501815795898,-0.08790548145771027,0.4999828040599823,0.45327094197273254,-0.1315707266330719,0.5182468295097351,0.3793107867240906,-0.17317184805870056,0.5546210408210754,0.6870635747909546,-0.10386068373918533,0.6046505570411682,0.721989631652832,-0.1659538745880127,0.6066027879714966,0.6550210118293762,-0.19509965181350708,0.5918154120445251,0.5799248814582825,-0.20843291282653809,0.5257072448730469,0.7594614624977112,-0.10927239060401917,0.5225608944892883,0.641356348991394,-0.18141013383865356,0.4896509051322937,0.5309121608734131,-0.19709369540214539,0.4676489531993866,0.48807579278945923,-0.1987803876399994,0.4751502275466919,0.7946862578392029,-0.11858205497264862,0.45691531896591187,0.6547760963439941,-0.18451233208179474,0.4364577531814575,0.5329161882400513,-0.1842462718486786,0.421507865190506,0.45986875891685486,-0.17278312146663666,0.4235268235206604,0.8071423172950745,-0.13047854602336884,0.4194580316543579,0.7609620690345764,-0.18386125564575195,0.4199138581752777,0.7161890864372253,-0.19102521240711212,0.42060574889183044,0.6811298727989197,-0.18643710017204285,G
0.4035014510154724,0.673923134803772,-2.89518112595033e-07,0.44567587971687317,0.5845261216163635,-0.03282076120376587,0.484944611787796,0.5251379013061523,-0.06828729063272476,0.5044169425964355,0.4631749391555786,-0.10355906933546066,0.5173425674438477,0.39477527141571045,-0.1372779905796051,0.5574201345443726,0.6831701397895813,-0.07926278561353683,0.6049496531486511,0.7242128849029541,-0.13316023349761963,0.6061501502990723,0.6571396589279175,-0.15964275598526,0.591214656829834,0.5808004140853882,-0.17160038650035858,0.5288051962852478,0.7564264535903931,-0.08618059009313583,0.5240211486816406,0.638279139995575,-0.14922411739826202,0.4927802085876465,0.5279855728149414,-0.16542036831378937,0.47096091508865356,0.47851085662841797,-0.1679506003856659,0.479412704706192,0.7922950983047485,-0.0966479480266571,0.46105802059173584,0.6544902324676514,-0.15770910680294037,0.4394138753414154,0.531971275806427,-0.16152870655059814,0.4233633875846863,0.4557204842567444,-0.15233826637268066,0.4292973279953003,0.8065590262413025,-0.10847093909978867,0.42217451333999634,0.7601855993270874,-0.1581871211528778,0.42000651359558105,0.713568389415741,-0.16556477546691895,0.4185304045677185,0.6773200035095215,-0.1607590615749359,G
0.39288824796676636,0.6838537454605103,-3.044413574571081e-07,0.43648070096969604,0.5884461402893066,-0.039866164326667786,0.4760473072528839,0.5208803415298462,-0.08240985125303268,0.49945709109306335,0.45610612630844116,-0.12393505126237869,0.5169146060943604,0.39189305901527405,-0.1633693128824234,0.5529431104660034,0.6849374175071716,-0.09486167132854462,0.6034163236618042,0.7117407917976379,-0.15688589215278625,0.6023619771003723,0.643835723400116,-0.18830764293670654,0.584306001663208,0.5680984258651733,-0.20285700261592865,0.5247897505760193,0.753585159778595,-0.10134013742208481,0.5226500034332275,0.6346247792243958,-0.17366249859333038,0.49191373586654663,0.5223615765571594,-0.1927812099456787,0.4683419167995453,0.4699445366859436,-0.19625882804393768,0.4756528437137604,0.7886471152305603,-0.11185582727193832,0.4585607051849365,0.6513218283653259,-0.17853891849517822,0.438422292470932,0.5293700695037842,-0.18163740634918213,0.4231492877006531,0.4502238631248474,-0.1715335249900818,0.42514440417289734,0.8038632869720459,-0.12462116032838821,0.4206003248691559,0.7563055157661438,-0.17721349000930786,0.4179189205169678,0.707450807094574,-0.18421022593975067,0.4173702001571655,0.6666719913482666,-0.1791459619998932,G
0.3980810046195984,0.664035975933075,-3.0371674597517995e-07,0.4431172013282776,0.5732113122940063,-0.03332563862204552,0.4857019782066345,0.5164169669151306,-0.06942924112081528,0.5049787163734436,0.45787352323532104,-0.10546130686998367,0.5164344310760498,0.3917962908744812,-0.14024993777275085,0.5542020201683044,0.6849263906478882,-0.08283534646034241,0.6030946373939514,0.7274957299232483,-0.13949084281921387,0.6032775640487671,0.6527365446090698,-0.167587548494339,0.588398277759552,0.5711378455162048,-0.1805209368467331,0.5244891047477722,0.7546496987342834,-0.09090506285429001,0.5224000215530396,0.6394916772842407,-0.15923242270946503,0.49277451634407043,0.519550085067749,-0.17790600657463074,0.4717414975166321,0.4638645648956299,-0.1812632828950882,0.4744125008583069,0.7882053256034851,-0.10246197879314423,0.46080395579338074,0.6536874175071716,-0.16740958392620087,0.43945425748825073,0.5247330665588379,-0.1717516928911209,0.42289602756500244,0.44731295108795166,-0.1618468016386032,0.42350339889526367,0.7995812296867371,-0.11529650539159775,0.4223878085613251,0.75425124168396,-0.16617543995380402,0.42168188095092773,0.7028248906135559,-0.1727524846792221,0.4204008877277374,0.666164755821228,-0.16706226766109467,G
0.3889811635017395,0.6867283582687378,-4.0194467487708607e-07,0.43948161602020264,0.5930122137069702,-0.024800309911370277,0.48326730728149414,0.5309309959411621,-0.05703231319785118,0.5032726526260376,0.4637855887413025,-0.09080496430397034,0.5143846869468689,0.38933834433555603,-0.12316728383302689,0.5509288907051086,0.6944337487220764,-0.07274232804775238,0.6038512587547302,0.7220327258110046,-0.12303673475980759,0.5984441041946411,0.640803873538971,-0.14615072309970856,0.5790531635284424,0.5582253336906433,-0.15622460842132568,0.5209432244300842,0.7607320547103882,-0.08311305940151215,0.5224725008010864,0.6376398801803589,-0.1414901316165924,0.49322977662086487,0.525631844997406,-0.1568981111049652,0.4734068810939789,0.4762888550758362,-0.16077013313770294,0.47222861647605896,0.7918682098388672,-0.09617438912391663,0.46062418818473816,0.6483293175697327,-0.1523379683494568,0.4390107989311218,0.5235466957092285,-0.15631750226020813,0.42264729738235474,0.4452046751976013,-0.14913760125637054,0.4229772090911865,0.8022541403770447,-0.10996770858764648,0.4228481650352478,0.7517128586769104,-0.15430676937103271,0.4219945967197418,0.6997326612472534,-0.16021697223186493,0.4209807515144348,0.6582680940628052,-0.15615861117839813,G
0.38543587923049927,0.7166038155555725,-3.669491093205579e-07,0.4350619912147522,0.6118135452270508,-0.030962001532316208,0.48187941312789917,0.5384243726730347,-0.06895802170038223,0.5034988522529602,0.4674718677997589,-0.1078275814652443,0.5111126899719238,0.39689067006111145,-0.14445453882217407,0.5489329695701599,0.7036798000335693,-0.0897253006696701,0.6071510314941406,0.7287185192108154,-0.14787261188030243,0.6037247180938721,0.6367803812026978,-0.17131906747817993,0.5848286747932434,0.5525597333908081,-0.18083982169628143,0.5167250633239746,0.7663491368293762,-0.10101031512022018,0.5302367806434631,0.6347827911376953,-0.1699894368648529,0.49385175108909607,0.5158219933509827,-0.1814740151166916,0.47118839621543884,0.48030269145965576,-0.1797795593738556,0.46669164299964905,0.7978900074958801,-0.11584588140249252,0.45933517813682556,0.6468786001205444,-0.17969320714473724,0.4368610978126526,0.5181746482849121,-0.17783789336681366,0.42128080129623413,0.45164838433265686,-0.16499072313308716,0.4164509177207947,0.8105257153511047,-0.13232040405273438,0.4200369119644165,0.7511637210845947,-0.18076327443122864,0.42003870010375977,0.6912109851837158,-0.18490435183048248,0.4192413091659546,0.6547015309333801,-0.17887525260448456,G
0.3851109445095062,0.7316892743110657,-4.5392184233605803e-07,0.4400087296962738,0.6305353045463562,-0.02571573294699192,0.48382821679115295,0.5537329912185669,-0.05855177342891693,0.49961185455322266,0.472975492477417,-0.09188084304332733,0.5055363774299622,0.40088731050491333,-0.12310069799423218,0.553358793258667,0.7144606113433838,-0.08529486507177353,0.6110779643058777,0.7291821837425232,-0.13528144359588623,0.603635311126709,0.6355461478233337,-0.15256449580192566,0.5825216770172119,0.5509174466133118,-0.15883055329322815,0.5199167132377625,0.7799236178398132,-0.0954553484916687,0.5245466828346252,0.6275942921638489,-0.15552444756031036,0.48888954520225525,0.5096535682678223,-0.16557174921035767,0.46678319573402405,0.46922677755355835,-0.16538631916046143,0.469380259513855,0.807586669921875,-0.10764153301715851,0.4563916325569153,0.6385927796363831,-0.16355383396148682,0.43450868129730225,0.5156432390213013,-0.16280804574489594,0.41936707496643066,0.4480499029159546,-0.15315474569797516,0.4198668599128723,0.8112650513648987,-0.12081341445446014,0.4158002436161041,0.7354055047035217,-0.16522343456745148,0.41560524702072144,0.6818868517875671,-0.17031407356262207,0.416370153427124,0.648507297039032,-0.16595688462257385,G
0.387523353099823,0.7196274399757385,-3.8076493069638673e-07,0.4464702904224396,0.6251274347305298,-0.03084125928580761,0.4927840828895569,0.5498909950256348,-0.06737221032381058,0.5065235495567322,0.4691528379917145,-0.10393588989973068,0.5048301219940186,0.3968445360660553,-0.1381169557571411,0.5572059154510498,0.719814121723175,-0.08828647434711456,0.6130481362342834,0.7342202067375183,-0.14346088469028473,0.6039708256721497,0.6352694630622864,-0.16474482417106628,0.5845942497253418,0.5473344326019287,-0.1733049601316452,0.5230903625488281,0.7825140357017517,-0.09810841083526611,0.5230976343154907,0.6277385950088501,-0.16417774558067322,0.4914607107639313,0.5080233812332153,-0.17845523357391357,0.47567257285118103,0.4638340473175049,-0.18039675056934357,0.4712830185890198,0.8091833591461182,-0.11091625690460205,0.4578177332878113,0.6351986527442932,-0.17373225092887878,0.4352860450744629,0.5068467855453491,-0.17743124067783356,0.4211863577365875,0.43895018100738525,-0.16890215873718262,0.41989755630493164,0.814092218875885,-0.1248343214392662,0.41838452219963074,0.7322205901145935,-0.17380301654338837,0.4178781509399414,0.6727807521820068,-0.18158192932605743,0.4168853163719177,0.638677179813385,-0.17811714112758636,G
0.38004910945892334,0.7082741856575012,-4.2177364889539604e-07,0.434047132730484,0.6116990447044373,-0.026358455419540405,0.4835669696331024,0.5343376398086548,-0.05890374258160591,0.503077507019043,0.455788254737854,-0.09195144474506378,0.5049044489860535,0.391853928565979,-0.1214575543999672,0.5505242347717285,0.7070278525352478,-0.07775315642356873,0.6102228760719299,0.7303741574287415,-0.12575387954711914,0.6031778454780579,0.6351640820503235,-0.140201598405838,0.5831131935119629,0.5497426986694336,-0.1441977322101593,0.5192697048187256,0.7675435543060303,-0.08704373240470886,0.5268011689186096,0.6177022457122803,-0.14583437144756317,0.49276793003082275,0.5059274435043335,-0.15510673820972443,0.47503983974456787,0.4739369750022888,-0.15346679091453552,0.4710046052932739,0.7968063354492188,-0.09883908927440643,0.45942914485931396,0.6262469291687012,-0.15398046374320984,0.43743279576301575,0.5060319304466248,-0.15312841534614563,0.42599838972091675,0.44755256175994873,-0.14261780679225922,0.4229166507720947,0.8068098425865173,-0.11171045899391174,0.42011600732803345,0.7315782308578491,-0.15387208759784698,0.41630885004997253,0.6767098307609558,-0.15764611959457397,0.41425269842147827,0.6477792859077454,-0.151993528008461,G
0.3908902406692505,0.6973917484283447,-4.350210645043262e-07,0.4444863200187683,0.6117486953735352,-0.024117333814501762,0.48680126667022705,0.5392501950263977,-0.0544908344745636,0.5019728541374207,0.462363600730896,-0.08552200347185135,0.5086039900779724,0.40499550104141235,-0.1138591393828392,0.5556308031082153,0.6976750493049622,-0.06995368748903275,0.6118134260177612,0.7256956696510315,-0.11498184502124786,0.6030617952346802,0.6351907849311829,-0.13117802143096924,0.5800650715827942,0.5474905371665955,-0.13674132525920868,0.5254204869270325,0.760448694229126,-0.07897812128067017,0.5273218154907227,0.6207307577133179,-0.13104026019573212,0.49555668234825134,0.512005090713501,-0.1415245682001114,0.47779688239097595,0.4737342298030853,-0.14289331436157227,0.4776197671890259,0.7899497747421265,-0.09052184969186783,0.46505627036094666,0.6282486915588379,-0.1425960659980774,0.4412318170070648,0.5054172873497009,-0.14362941682338715,0.425743043422699,0.4389072060585022,-0.1352943480014801,0.4292615056037903,0.8017446994781494,-0.10266409069299698,0.42782294750213623,0.7279040813446045,-0.14335034787654877,0.4230968654155731,0.6672559976577759,-0.14627628028392792,0.4199850261211395,0.6298342347145081,-0.14047716557979584,G
0.4021564722061157,0.7079072594642639,-4.048514767873712e-07,0.44558006525039673,0.6106765270233154,-0.034249503165483475,0.487968772649765,0.5345960259437561,-0.07156741619110107,0.5017777681350708,0.4575565755367279,-0.10828948020935059,0.5031151175498962,0.38962748646736145,-0.14275836944580078,0.5542276501655579,0.6940181851387024,-0.09280451387166977,0.6097449064254761,0.7175518870353699,-0.1478736847639084,0.6043525338172913,0.628157913684845,-0.168188214302063,0.585868239402771,0.5467860698699951,-0.17587152123451233,0.5233331322669983,0.7599506378173828,-0.10070384293794632,0.5286877751350403,0.619579553604126,-0.16754087805747986,0.4902370870113373,0.5026020407676697,-0.1788545697927475,0.4682796001434326,0.46724236011505127,-0.17762348055839539,0.4741778075695038,0.792747974395752,-0.11167486011981964,0.45949679613113403,0.6333978772163391,-0.17401787638664246,0.43482506275177,0.5105475187301636,-0.17216886579990387,0.42079874873161316,0.4502909481525421,-0.16001136600971222,0.4256376326084137,0.806105375289917,-0.12440335005521774,0.42325544357299805,0.7347285151481628,-0.1723584681749344,0.4179149270057678,0.6800830960273743,-0.17640095949172974,0.4150075912475586,0.6520658135414124,-0.1706712692975998,G
0.3960244655609131,0.7298529148101807,-3.9507153815065976e-07,0.4388054311275482,0.6277629733085632,-0.029161658138036728,0.4816330671310425,0.5419776439666748,-0.06830635666847229,0.496859610080719,0.46176719665527344,-0.10712303966283798,0.5067650079727173,0.38137421011924744,-0.14489150047302246,0.5521311163902283,0.6938461065292358,-0.11132944375276566,0.6095502972602844,0.7043247222900391,-0.17620405554771423,0.6087097525596619,0.621063768863678,-0.2048172503709793,0.596236526966095,0.544202983379364,-0.21943619847297668,0.5211161375045776,0.7572052478790283,-0.1260320395231247,0.5291253924369812,0.6106759309768677,-0.20467770099639893,0.4901684522628784,0.495796263217926,-0.22019977867603302,0.4652007818222046,0.4609205424785614,-0.22234457731246948,0.4697725176811218,0.7909561395645142,-0.1426123082637787,0.4614044725894928,0.634962260723114,-0.2144477665424347,0.4341298043727875,0.5123900771141052,-0.2140641212463379,0.41612398624420166,0.4544275403022766,-0.2032361477613449,0.4176791310310364,0.8052110075950623,-0.1601247489452362,0.41900214552879333,0.7380107641220093,-0.22039121389389038,0.41790783405303955,0.6684272289276123,-0.2302253544330597,0.41746026277542114,0.6263230443000793,-0.2283230423927307,G
0.382485032081604,0.7858571410179138,-3.013141736118996e-07,0.44287508726119995,0.6606257557868958,-0.002652303082868457,0.48408040404319763,0.5672842264175415,-0.04546504467725754,0.49767038226127625,0.4776386618614197,-0.09258756786584854,0.5060396194458008,0.3750085234642029,-0.1402101218700409,0.5460368990898132,0.7013130187988281,-0.13103005290031433,0.612742006778717,0.7057816386222839,-0.20487485826015472,0.6216737031936646,0.6097390055656433,-0.22998541593551636,0.6134904026985168,0.5225571393966675,-0.24099516868591309,0.511213481426239,0.7542327046394348,-0.16463860869407654,0.5294204950332642,0.6016232371330261,-0.2528723478317261,0.4930272400379181,0.48422306776046753,-0.2563575208187103,0.46780508756637573,0.44949713349342346,-0.2490842193365097,0.459100604057312,0.7837520837783813,-0.19691495597362518,0.45501017570495605,0.6195478439331055,-0.2754206955432892,0.43096923828125,0.49965059757232666,-0.2633095979690552,0.41607552766799927,0.4504343271255493,-0.24472521245479584,0.4067414700984955,0.7998995780944824,-0.22704853117465973,0.41086944937705994,0.7092005014419556,-0.2925156056880951,0.40982189774513245,0.643985390663147,-0.29852166771888733,0.40730011463165283,0.6171621084213257,-0.2941410541534424,G
0.38245201110839844,0.8215625286102295,-2.445125346639543e-07,0.43604278564453125,0.6698959469795227,-0.014234106056392193,0.47776612639427185,0.5685914754867554,-0.05551823228597641,0.4939958453178406,0.47663283348083496,-0.09716707468032837,0.5041715502738953,0.37374117970466614,-0.13915613293647766,0.5531951189041138,0.7179266214370728,-0.12473828345537186,0.6198779344558716,0.6886115670204163,-0.19264113903045654,0.6210175156593323,0.5862694978713989,-0.2165784388780594,0.6043182611465454,0.49340200424194336,-0.22519539296627045,0.5158876776695251,0.7728986144065857,-0.14851266145706177,0.5157573819160461,0.5932285189628601,-0.22297994792461395,0.4760090708732605,0.480904757976532,-0.22721180319786072,0.45130470395088196,0.43657416105270386,-0.22219277918338776,0.4647221565246582,0.8015570044517517,-0.17192260921001434,0.45232880115509033,0.6072877645492554,-0.2410004734992981,0.42187392711639404,0.4946880638599396,-0.23235711455345154,0.4050147533416748,0.44653236865997314,-0.21634139120578766,0.4143788814544678,0.8131767511367798,-0.19411522150039673,0.41501927375793457,0.6824344992637634,-0.2493325173854828,0.4115905165672302,0.6274867057800293,-0.2509227693080902,0.40951007604599,0.6178257465362549,-0.24294233322143555,G
0.3807128071784973,0.8202009201049805,-2.2388347531432373e-07,0.43568694591522217,0.669337272644043,-0.014286013320088387,0.47586145997047424,0.5658729672431946,-0.05514197051525116,0.4931766092777252,0.4737856388092041,-0.09607236832380295,0.5032042264938354,0.3753887712955475,-0.13704842329025269,0.5538468360900879,0.7180168032646179,-0.12198112159967422,0.6208274960517883,0.6894975304603577,-0.18982501327991486,0.6217657327651978,0.5891841650009155,-0.2145949900150299,0.6034749150276184,0.49681079387664795,-0.22295211255550385,0.5151800513267517,0.7756025195121765,-0.14432735741138458,0.519771933555603,0.5985066294670105,-0.21593058109283447,0.48223575949668884,0.4864072799682617,-0.2175435870885849,0.4559328258037567,0.44035449624061584,-0.21018598973751068,0.4625527262687683,0.8034923672676086,-0.16640064120292664,0.45477402210235596,0.6136820912361145,-0.23327429592609406,0.4261219799518585,0.49950191378593445,-0.2209901362657547,0.40768536925315857,0.4485037326812744,-0.2012448012828827,0.41093626618385315,0.8128042817115784,-0.1872575730085373,0.41730058193206787,0.6822596192359924,-0.23865316808223724,0.4138440489768982,0.6153668761253357,-0.2360539436340332,0.4100068211555481,0.5933982729911804,-0.22421586513519287,G
0.3814171552658081,0.815896213054657,-2.2420638856601727e-07,0.4411013126373291,0.6641088128089905,-0.012917072512209415,0.48153156042099,0.5649762153625488,-0.054171353578567505,0.497241735458374,0.47645196318626404,-0.09724670648574829,0.4988003373146057,0.38319700956344604,-0.14020484685897827,0.5545730590820312,0.7215937376022339,-0.11659097671508789,0.6193450689315796,0.6984052658081055,-0.18283416330814362,0.6195676922798157,0.5942779779434204,-0.20551609992980957,0.5996381044387817,0.5013979077339172,-0.21307428181171417,0.5174282789230347,0.7745790481567383,-0.14145341515541077,0.5212500095367432,0.609599769115448,-0.21428325772285461,0.48669862747192383,0.4934929311275482,-0.21854336559772491,0.46377861499786377,0.44398462772369385,-0.21326330304145813,0.4662908911705017,0.8006665110588074,-0.16624866425991058,0.45415663719177246,0.617068886756897,-0.2354852259159088,0.4280855655670166,0.49800175428390503,-0.22809337079524994,0.41129982471466064,0.4417189359664917,-0.21242515742778778,0.4164973199367523,0.8077759146690369,-0.189900204539299,0.4152759313583374,0.6910768747329712,-0.24545231461524963,0.41119033098220825,0.634829044342041,-0.2476271241903305,0.4079601466655731,0.6193898916244507,-0.23961679637432098,G
0.3784645199775696,0.7854642868041992,-1.9977460397058167e-07,0.4393417239189148,0.6478921175003052,-0.019812392070889473,0.47959843277931213,0.5595343112945557,-0.06107288599014282,0.49412572383880615,0.4864731431007385,-0.10317013412714005,0.49766889214515686,0.41529008746147156,-0.14513443410396576,0.5566160678863525,0.723777174949646,-0.11188718676567078,0.6163409948348999,0.7167500257492065,-0.18034493923187256,0.6149244904518127,0.6231213808059692,-0.20852285623550415,0.5980744957923889,0.5354341864585876,-0.22047685086727142,0.5202562808990479,0.7787877917289734,-0.1346280723810196,0.5289813876152039,0.6345075964927673,-0.2138780951499939,0.4967338442802429,0.515687108039856,-0.22779831290245056,0.4753372073173523,0.45585331320762634,-0.2280987799167633,0.46985697746276855,0.8052297830581665,-0.15829293429851532,0.46272268891334534,0.632895827293396,-0.2326265275478363,0.4344600439071655,0.5081160664558411,-0.23227903246879578,0.4175564646720886,0.44163477420806885,-0.22005178034305573,0.4197157025337219,0.8126500248908997,-0.18139933049678802,0.42141157388687134,0.6974629163742065,-0.23784276843070984,0.4144147038459778,0.6377562284469604,-0.2416583150625229,0.411352276802063,0.6160166263580322,-0.23473849892616272,G
0.3725045323371887,0.7959442138671875,-2.841087507476914e-07,0.4310190975666046,0.662405788898468,-0.009861786849796772,0.4753149747848511,0.5722978115081787,-0.04611068218946457,0.4953036308288574,0.48730355501174927,-0.08575587719678879,0.5024977922439575,0.40009960532188416,-0.12581929564476013,0.5463364720344543,0.7265172600746155,-0.09708638489246368,0.6104435324668884,0.7129337191581726,-0.15735478699207306,0.6125193238258362,0.6163837909698486,-0.1804250031709671,0.5992855429649353,0.5264596343040466,-0.19046621024608612,0.5141162872314453,0.7828349471092224,-0.12215329706668854,0.5368378162384033,0.6337724328041077,-0.19012987613677979,0.50843745470047,0.5233551263809204,-0.19889196753501892,0.48942461609840393,0.47976094484329224,-0.19818682968616486,0.464491605758667,0.8120190501213074,-0.14761605858802795,0.46312665939331055,0.6387781500816345,-0.2091062217950821,0.4396665394306183,0.5112097263336182,-0.20553837716579437,0.42449072003364563,0.44630593061447144,-0.19551515579223633,0.4138079285621643,0.8228107690811157,-0.17249752581119537,0.41777825355529785,0.7256733179092407,-0.2231624871492386,0.4153193533420563,0.6708065867424011,-0.22904101014137268,0.414756715297699,0.6522401571273804,-0.22626808285713196,G
0.38179653882980347,0.8615312576293945,-3.3510860930618946e-07,0.44111043214797974,0.722193717956543,-0.00675662886351347,0.4841921925544739,0.6125702261924744,-0.038444556295871735,0.49616438150405884,0.5015713572502136,-0.07193872332572937,0.503481388092041,0.39851415157318115,-0.10605040192604065,0.5537250638008118,0.7361482977867126,-0.09515807777643204,0.6154199242591858,0.6847003698348999,-0.14935573935508728,0.6143587827682495,0.5827188491821289,-0.1700638085603714,0.5971640348434448,0.49098867177963257,-0.1786291003227234,0.5184968709945679,0.787132203578949,-0.11589048057794571,0.5208982229232788,0.6040712594985962,-0.1747511625289917,0.49244990944862366,0.4909362196922302,-0.1825692355632782,0.4710323214530945,0.43860018253326416,-0.183973491191864,0.46684005856513977,0.8145524263381958,-0.1353994756937027,0.4539197087287903,0.6194328665733337,-0.18831588327884674,0.43054670095443726,0.5063960552215576,-0.18360635638237,0.41415876150131226,0.44793546199798584,-0.17409667372703552,0.4147108197212219,0.825374186038971,-0.15358713269233704,0.41459226608276367,0.70335453748703,-0.1953355371952057,0.4133574962615967,0.6466269493103027,-0.19680377840995789,0.4137016236782074,0.6230179071426392,-0.1916077435016632,G
0.38206613063812256,0.8638861775398254,-3.3261275689255854e-07,0.4354058802127838,0.7129158973693848,-0.006430665496736765,0.4764898717403412,0.6026878356933594,-0.04086485505104065,0.49082687497138977,0.502699613571167,-0.076128751039505,0.5031481981277466,0.39660727977752686,-0.1126723662018776,0.5506913065910339,0.7291421890258789,-0.11353988200426102,0.6152721643447876,0.6782437562942505,-0.1765342503786087,0.6144335865974426,0.5752936601638794,-0.20337212085723877,0.5963432788848877,0.48097947239875793,-0.21609629690647125,0.5166332721710205,0.7860212922096252,-0.13774080574512482,0.523313045501709,0.6104199290275574,-0.20444723963737488,0.48950186371803284,0.49744629859924316,-0.21455387771129608,0.4623744487762451,0.44359198212623596,-0.21787723898887634,0.4656100273132324,0.820970892906189,-0.16026495397090912,0.4609008729457855,0.6399617791175842,-0.22168222069740295,0.43158555030822754,0.5244945287704468,-0.22124971449375153,0.4104018211364746,0.46280133724212646,-0.21454504132270813,0.4115697741508484,0.8431635499000549,-0.18060801923274994,0.42063552141189575,0.7313811779022217,-0.23160198330879211,0.4147607386112213,0.6604125499725342,-0.2381727546453476,0.4084119498729706,0.6219303607940674,-0.2366131842136383,G
0.38598698377609253,0.8817298412322998,-2.2644400132776354e-07,0.4435049593448639,0.7306674718856812,0.005141460336744785,0.4803079068660736,0.6278138160705566,-0.03476455807685852,0.49037158489227295,0.5302963852882385,-0.07726126909255981,0.505465567111969,0.4178806245326996,-0.12098219245672226,0.551291823387146,0.7266258001327515,-0.13700705766677856,0.6219474077224731,0.6800402998924255,-0.21122081577777863,0.6212069988250732,0.574176549911499,-0.23845729231834412,0.6007253527641296,0.4835945963859558,-0.24957114458084106,0.513576090335846,0.7823284864425659,-0.17251527309417725,0.5298872590065002,0.62000972032547,-0.25657737255096436,0.49708878993988037,0.5043231248855591,-0.2642739713191986,0.4704168438911438,0.45141324400901794,-0.2621369957923889,0.46049749851226807,0.8192792534828186,-0.20406772196292877,0.46048465371131897,0.6525828838348389,-0.27917176485061646,0.4322865605354309,0.5342386364936829,-0.2728845775127411,0.41118600964546204,0.4714548587799072,-0.2586752772331238,0.4063253104686737,0.8464000225067139,-0.23157767951488495,0.41568636894226074,0.7371275424957275,-0.2893277406692505,0.4094718098640442,0.6591293811798096,-0.2919479310512543,0.4000062048435211,0.6161181330680847,-0.2857334017753601,G
0.38600316643714905,0.8925015926361084,-2.487844881216006e-07,0.43923625349998474,0.7399324774742126,-0.0008196834241971374,0.47555726766586304,0.6236516237258911,-0.036950383335351944,0.4875284433364868,0.519412636756897,-0.07518129050731659,0.5020378232002258,0.41346389055252075,-0.11470741778612137,0.5510362982749939,0.7388731241226196,-0.11393144726753235,0.6186653971672058,0.6859952211380005,-0.17962540686130524,0.6174203157424927,0.5822035074234009,-0.20642481744289398,0.5977554321289062,0.4905655086040497,-0.21840861439704895,0.5159220695495605,0.789942741394043,-0.14294487237930298,0.5318351984024048,0.6166117191314697,-0.21569471061229706,0.500466525554657,0.5006684064865112,-0.22623108327388763,0.4710750877857208,0.44357866048812866,-0.2274746149778366,0.46525391936302185,0.823834240436554,-0.16963066160678864,0.46333977580070496,0.6440722346305847,-0.23478087782859802,0.434906542301178,0.5329679846763611,-0.2325504720211029,0.41431930661201477,0.4730224311351776,-0.2228296846151352,0.4126109778881073,0.8478708267211914,-0.19347672164440155,0.41849929094314575,0.7295704483985901,-0.2450459748506546,0.40951284766197205,0.6583212018013,-0.24976371228694916,0.40300220251083374,0.6199393272399902,-0.2459571808576584,G
0.3936430811882019,0.8889038562774658,-1.9880783952430647e-07,0.44606831669807434,0.7376695275306702,-0.001271187444217503,0.4805149734020233,0.6203789710998535,-0.036779098212718964,0.48854073882102966,0.5147214531898499,-0.07419988512992859,0.4995073080062866,0.4070020318031311,-0.11348588019609451,0.5532664060592651,0.7247374057769775,-0.11333610117435455,0.6175127029418945,0.6641402840614319,-0.18056875467300415,0.6192774176597595,0.5596219897270203,-0.2087361067533493,0.6026605367660522,0.46477431058883667,-0.22090062499046326,0.5190775990486145,0.7755393385887146,-0.1410360187292099,0.5307385325431824,0.6042981147766113,-0.21208925545215607,0.5003398656845093,0.49139052629470825,-0.22089068591594696,0.47304612398147583,0.4342484772205353,-0.2207586020231247,0.46831202507019043,0.8083218336105347,-0.16678383946418762,0.46202021837234497,0.6289253830909729,-0.23180310428142548,0.4341919720172882,0.5189826488494873,-0.22890624403953552,0.4148126244544983,0.4596470594406128,-0.21798694133758545,0.4146565794944763,0.8298454284667969,-0.189656600356102,0.41577616333961487,0.7087090015411377,-0.24034756422042847,0.4079478085041046,0.6418958902359009,-0.24388784170150757,0.40276336669921875,0.6083081960678101,-0.23879899084568024,G
0.3896442651748657,0.8864404559135437,-1.7873475144369877e-07,0.4373302161693573,0.7309401035308838,-0.0009128720266744494,0.47633129358291626,0.615057110786438,-0.033987898379564285,0.4881926476955414,0.5137487649917603,-0.06858251243829727,0.50133216381073,0.4097922742366791,-0.10518831014633179,0.5488391518592834,0.7245537042617798,-0.1110178753733635,0.617786705493927,0.6680257320404053,-0.17632772028446198,0.6179604530334473,0.5638765096664429,-0.20382539927959442,0.6009941697120667,0.46996214985847473,-0.21584172546863556,0.515438973903656,0.7809344530105591,-0.13837270438671112,0.5290639996528625,0.6052178740501404,-0.20920176804065704,0.4951738715171814,0.4892776906490326,-0.21922484040260315,0.46664848923683167,0.4316142797470093,-0.21968403458595276,0.4652239978313446,0.8191851377487183,-0.16359569132328033,0.4607048034667969,0.6335168480873108,-0.22900785505771637,0.4283137917518616,0.5164754390716553,-0.2285262495279312,0.4080471098423004,0.44945210218429565,-0.2189159244298935,0.41224417090415955,0.8437740206718445,-0.18558672070503235,0.4164627492427826,0.7212518453598022,-0.23504002392292023,0.4088153541088104,0.6527260541915894,-0.2391088306903839,0.4050624668598175,0.6168583631515503,-0.23477044701576233,G
0.3861888349056244,0.876211404800415,-1.8379657262812543e-07,0.43575552105903625,0.7181419134140015,-0.0027868286706507206,0.4729813039302826,0.606070876121521,-0.04068318381905556,0.485383540391922,0.5066477060317993,-0.08020959794521332,0.5002272129058838,0.40213894844055176,-0.1220020204782486,0.5492561459541321,0.7248418927192688,-0.12367712706327438,0.6115114688873291,0.6726126074790955,-0.1920165717601776,0.6151087284088135,0.5716620683670044,-0.220834419131279,0.601318895816803,0.47689810395240784,-0.23465633392333984,0.5137956738471985,0.7785946130752563,-0.15376095473766327,0.5270295143127441,0.6089088916778564,-0.22782815992832184,0.49471887946128845,0.4938781261444092,-0.23847903311252594,0.46583256125450134,0.4317282736301422,-0.2405267357826233,0.46300482749938965,0.816053032875061,-0.1815263330936432,0.46002790331840515,0.6426108479499817,-0.25006920099258423,0.43045228719711304,0.5239574909210205,-0.25083091855049133,0.4091810882091522,0.450291246175766,-0.24350591003894806,0.40984028577804565,0.8419260382652283,-0.2063862383365631,0.41649705171585083,0.734266459941864,-0.26114460825920105,0.4106316864490509,0.6637879014015198,-0.2687340974807739,0.40495145320892334,0.6200486421585083,-0.26771417260169983,G
0.385026752948761,0.8296856880187988,-2.435465376038337e-07,0.4374645948410034,0.685025155544281,-0.019947031512856483,0.4772844612598419,0.577785313129425,-0.057064127177000046,0.4901939630508423,0.48329123854637146,-0.09404966980218887,0.4960985779762268,0.3907720744609833,-0.13229794800281525,0.555621325969696,0.7182981967926025,-0.1038253903388977,0.6157463192939758,0.6871061325073242,-0.16588640213012695,0.6147820949554443,0.587485671043396,-0.19542576372623444,0.5983165502548218,0.49667125940322876,-0.2112005352973938,0.5209755897521973,0.7820241451263428,-0.12291304022073746,0.5265950560569763,0.6175927519798279,-0.19190713763237,0.4827078878879547,0.49713289737701416,-0.2063584178686142,0.4508435130119324,0.4360002279281616,-0.21077872812747955,0.4683488607406616,0.8226155638694763,-0.14262667298316956,0.4624444544315338,0.6494348049163818,-0.20723944902420044,0.4293062686920166,0.5332026481628418,-0.2099062204360962,0.407265841960907,0.47105857729911804,-0.2032993584871292,0.4128929078578949,0.846005380153656,-0.16170760989189148,0.41743797063827515,0.7365124821662903,-0.21535532176494598,0.4122409224510193,0.660855770111084,-0.22459903359413147,0.41070038080215454,0.6168326139450073,-0.22386440634727478,G
0.3752751052379608,0.7559705972671509,-3.8688014569743245e-07,0.43757399916648865,0.6364469528198242,-0.02129809744656086,0.483431339263916,0.5563229918479919,-0.05854850262403488,0.49986279010772705,0.4805912375450134,-0.09563780575990677,0.5159366130828857,0.3962251543998718,-0.13214972615242004,0.5553661584854126,0.7342993021011353,-0.11002659052610397,0.6087589263916016,0.7233782410621643,-0.17280662059783936,0.6077731847763062,0.6313227415084839,-0.1985912322998047,0.591063380241394,0.5394450426101685,-0.21011359989643097,0.5192438364028931,0.7922408580780029,-0.12876056134700775,0.5197255611419678,0.628445029258728,-0.19673535227775574,0.4895058572292328,0.5112677812576294,-0.2078607678413391,0.47117680311203003,0.45791977643966675,-0.20983187854290009,0.46536001563072205,0.819455623626709,-0.14842242002487183,0.45669180154800415,0.6440184712409973,-0.21434149146080017,0.4329018294811249,0.5204230546951294,-0.2129286676645279,0.417336642742157,0.4559302031993866,-0.20304842293262482,0.40993732213974,0.8247367143630981,-0.167958602309227,0.41332143545150757,0.7232242822647095,-0.2268407642841339,0.41334137320518494,0.6599112153053284,-0.23494866490364075,0.4128163754940033,0.6325661540031433,-0.23123052716255188,G
0.37817198038101196,0.7297112345695496,-2.2955231315791025e-07,0.437940388917923,0.6142445802688599,-0.03294460475444794,0.4839053153991699,0.5352187156677246,-0.07683419436216354,0.503251314163208,0.4615688920021057,-0.12099385261535645,0.5108911395072937,0.38520222902297974,-0.163827046751976,0.5531724691390991,0.727763295173645,-0.10801400244235992,0.6085829138755798,0.7333475351333618,-0.1726423054933548,0.6082465052604675,0.6404712200164795,-0.19959081709384918,0.5926536917686462,0.5510923862457275,-0.2123086303472519,0.5178581476211548,0.7861709594726562,-0.12172842025756836,0.5233702063560486,0.6377468705177307,-0.19732847809791565,0.4930449426174164,0.5186026096343994,-0.21242810785770416,0.4787914454936981,0.47331899404525757,-0.21478864550590515,0.4650552570819855,0.8121280074119568,-0.13848085701465607,0.45515331625938416,0.645905077457428,-0.20977644622325897,0.435301274061203,0.5142813920974731,-0.2130223512649536,0.4224167466163635,0.44420111179351807,-0.20460377633571625,0.41070103645324707,0.815026044845581,-0.15648624300956726,0.41006144881248474,0.7490651607513428,-0.2172902524471283,0.4156484603881836,0.7017500996589661,-0.23036909103393555,0.42058926820755005,0.6803653240203857,-0.23031464219093323,G
0.38678181171417236,0.6928040981292725,-3.81238550062335e-07,0.4403572082519531,0.5884609222412109,-0.037706635892391205,0.48889464139938354,0.5190069079399109,-0.07635035365819931,0.5086281895637512,0.45058122277259827,-0.11385073512792587,0.515471339225769,0.381197988986969,-0.1491963416337967,0.5562331080436707,0.6934360265731812,-0.09710758179426193,0.610636293888092,0.7162693738937378,-0.15688441693782806,0.6108015775680542,0.6296881437301636,-0.18265898525714874,0.5949798822402954,0.5394629836082458,-0.19389118254184723,0.5229576826095581,0.7694843411445618,-0.10458500683307648,0.524561882019043,0.6248523592948914,-0.17567960917949677,0.48657432198524475,0.5050804615020752,-0.18990261852741241,0.46218183636665344,0.4600389897823334,-0.18994329869747162,0.4698684513568878,0.8033636808395386,-0.11572494357824326,0.4504198431968689,0.6396825313568115,-0.18130488693714142,0.42823511362075806,0.5127807855606079,-0.18207472562789917,0.4130638837814331,0.4397267699241638,-0.17092525959014893,0.4170037508010864,0.8094459772109985,-0.12907364964485168,0.40608370304107666,0.7407612800598145,-0.18232902884483337,0.4054482579231262,0.6932884454727173,-0.19059374928474426,0.4058955907821655,0.662422776222229,-0.18671363592147827,G
0.39304959774017334,0.6778410077095032,-3.8373846678041446e-07,0.44309061765670776,0.5856461524963379,-0.032180432230234146,0.48707902431488037,0.5176674127578735,-0.0661700889468193,0.5056058764457703,0.4446641802787781,-0.1006995216012001,0.5127229690551758,0.37598156929016113,-0.13369856774806976,0.5560222864151001,0.6819801330566406,-0.07482919096946716,0.6054965853691101,0.7000247240066528,-0.1277584284543991,0.6046603918075562,0.6183183789253235,-0.1535731703042984,0.5898915529251099,0.5351784229278564,-0.16581393778324127,0.5244218111038208,0.7573704123497009,-0.0825507715344429,0.5214493274688721,0.618543803691864,-0.14221008121967316,0.48439162969589233,0.504523754119873,-0.15588870644569397,0.4646410644054413,0.46185731887817383,-0.15770190954208374,0.472263902425766,0.7912207841873169,-0.0942700058221817,0.45085394382476807,0.6370211243629456,-0.15242670476436615,0.4277811348438263,0.5103411674499512,-0.15297359228134155,0.4144483208656311,0.4354534149169922,-0.14274726808071136,0.4190923571586609,0.7971991300582886,-0.10790467262268066,0.40809136629104614,0.7332209348678589,-0.1551617830991745,0.4067995250225067,0.6886069774627686,-0.1611100286245346,0.4085630476474762,0.6619814038276672,-0.1562839150428772,G
0.3936285972595215,0.6390185952186584,-4.67019674488256e-07,0.4377124309539795,0.5485936999320984,-0.03399556502699852,0.4843929409980774,0.4926052689552307,-0.06947441399097443,0.5110145211219788,0.4368518590927124,-0.1050645262002945,0.532430112361908,0.36618658900260925,-0.13863876461982727,0.5495765209197998,0.673982560634613,-0.07845227420330048,0.6029773354530334,0.7042584419250488,-0.13497497141361237,0.5977312326431274,0.6157277226448059,-0.16168150305747986,0.5789257287979126,0.5328267812728882,-0.17327256500720978,0.5181560516357422,0.7474321126937866,-0.08584059029817581,0.5223387479782104,0.6265248656272888,-0.15018951892852783,0.48486846685409546,0.5083401203155518,-0.16445155441761017,0.4619129002094269,0.4637289047241211,-0.16530610620975494,0.4683331251144409,0.7818061709403992,-0.09746568650007248,0.4541662335395813,0.634660005569458,-0.1572583168745041,0.4303978979587555,0.5076063275337219,-0.15693101286888123,0.4149588644504547,0.4347309470176697,-0.14550399780273438,0.41884705424308777,0.7905734777450562,-0.11101000756025314,0.41433513164520264,0.7215496301651001,-0.15699702501296997,0.412159264087677,0.6678525805473328,-0.16100762784481049,0.41125911474227905,0.6350523829460144,-0.1545460820198059,G
0.39063751697540283,0.6394295692443848,-5.638887614622945e-07,0.43669596314430237,0.5508982539176941,-0.03519008681178093,0.48383378982543945,0.48943644762039185,-0.07079587131738663,0.5137391090393066,0.43076759576797485,-0.10617734491825104,0.5339270830154419,0.3634532392024994,-0.13831336796283722,0.5494579672813416,0.6693896055221558,-0.0790303573012352,0.6051486730575562,0.7059851884841919,-0.1313583105802536,0.6010578274726868,0.6158964037895203,-0.15170136094093323,0.5806782245635986,0.5262067317962646,-0.1583775132894516,0.5182815790176392,0.7446445822715759,-0.08474356681108475,0.520166277885437,0.6144137978553772,-0.143591970205307,0.48269516229629517,0.49631041288375854,-0.1523934155702591,0.4623991549015045,0.4582606554031372,-0.14966298639774323,0.4692386984825134,0.7802377939224243,-0.09449156373739243,0.4484253227710724,0.6188578009605408,-0.1476878523826599,0.4272465109825134,0.5013750791549683,-0.1411857157945633,0.41806110739707947,0.44098204374313354,-0.127216175198555,0.4203310012817383,0.7929209470748901,-0.10685896128416061,0.40845659375190735,0.7011772990226746,-0.14502757787704468,0.40281641483306885,0.6381039619445801,-0.14247693121433258,0.4022250771522522,0.6027402281761169,-0.13248580694198608,G
0.38738465309143066,0.6428720951080322,-5.691891260539705e-07,0.43825143575668335,0.5421402454376221,-0.03469422087073326,0.48725757002830505,0.47903600335121155,-0.0695798248052597,0.5156570076942444,0.42053237557411194,-0.10438928008079529,0.5343338251113892,0.3565264940261841,-0.13589388132095337,0.5467065572738647,0.6630918383598328,-0.0805252194404602,0.6045171022415161,0.694827675819397,-0.13203594088554382,0.6001311540603638,0.6045868396759033,-0.15130296349525452,0.5773853063583374,0.5133650898933411,-0.15750589966773987,0.5150893926620483,0.7356792092323303,-0.08662361651659012,0.5206854939460754,0.603702187538147,-0.14687789976596832,0.4856311082839966,0.4879230260848999,-0.15691956877708435,0.46337229013442993,0.44682765007019043,-0.15528269112110138,0.46647322177886963,0.7699010372161865,-0.09656188637018204,0.4522578716278076,0.61552494764328,-0.15280604362487793,0.4309436082839966,0.49699729681015015,-0.14937372505664825,0.41787660121917725,0.42996731400489807,-0.13674746453762054,0.41756221652030945,0.7806715965270996,-0.10877179354429245,0.4094744920730591,0.7001801133155823,-0.15146814286708832,0.40716445446014404,0.6361613273620605,-0.1528753936290741,0.40784311294555664,0.5924232006072998,-0.14516808092594147,G
0.38217413425445557,0.6581606864929199,-5.272327712191327e-07,0.43576720356941223,0.5473767518997192,-0.03307637944817543,0.48944199085235596,0.47725486755371094,-0.06803905963897705,0.5166916251182556,0.41401389241218567,-0.10307317972183228,0.5313401222229004,0.34179574251174927,-0.13544438779354095,0.5497735142707825,0.6633641719818115,-0.0817851796746254,0.6018677949905396,0.6822056770324707,-0.13338112831115723,0.5959473252296448,0.5903618335723877,-0.15368196368217468,0.5736500024795532,0.5019756555557251,-0.16153909265995026,0.5164564251899719,0.7344233989715576,-0.08959149569272995,0.5151249766349792,0.5960423946380615,-0.1484333872795105,0.47712838649749756,0.4800754189491272,-0.15695054829120636,0.454889714717865,0.44229212403297424,-0.15550461411476135,0.4651584029197693,0.7668702602386475,-0.10123136639595032,0.44744229316711426,0.6098544597625732,-0.15553805232048035,0.4264184236526489,0.4871962070465088,-0.1505175530910492,0.413790762424469,0.4192553162574768,-0.13824045658111572,0.4143483638763428,0.7743512392044067,-0.11520372331142426,0.4072929918766022,0.6994367837905884,-0.15768802165985107,0.4054584205150604,0.6425515413284302,-0.15889346599578857,0.4052902162075043,0.60664302110672,-0.15179720520973206,G
0.3801059126853943,0.7010148763656616,-5.164266667634365e-07,0.43226516246795654,0.5802407264709473,-0.022428808733820915,0.4817054867744446,0.49845296144485474,-0.055346518754959106,0.5052563548088074,0.4148291349411011,-0.0902489572763443,0.51993328332901,0.31566986441612244,-0.12407135218381882,0.5460096597671509,0.6640347242355347,-0.08415847271680832,0.6088417768478394,0.6603800654411316,-0.13579176366329193,0.6007808446884155,0.564241886138916,-0.15822890400886536,0.5790532827377319,0.4835209846496582,-0.1693345010280609,0.5156105756759644,0.7295625805854797,-0.09711149334907532,0.5183594226837158,0.5824602246284485,-0.15555764734745026,0.47799816727638245,0.46732187271118164,-0.16594864428043365,0.4538206160068512,0.43638965487480164,-0.16884584724903107,0.46385449171066284,0.764369010925293,-0.11214500665664673,0.4495934545993805,0.6117777824401855,-0.1654721051454544,0.42698389291763306,0.48574012517929077,-0.16319428384304047,0.412281334400177,0.4159574806690216,-0.15536010265350342,0.410678505897522,0.777814507484436,-0.12823010981082916,0.4069715142250061,0.7274630069732666,-0.17233099043369293,0.41108712553977966,0.6774999499320984,-0.17798194289207458,0.41457173228263855,0.6433364748954773,-0.17587153613567352,G
0.3830658197402954,0.7193202972412109,-4.653821008560044e-07,0.4335422217845917,0.5991429686546326,-0.023648299276828766,0.48245546221733093,0.508402943611145,-0.05466991290450096,0.5032758712768555,0.41619306802749634,-0.08565262705087662,0.5136746168136597,0.3206523358821869,-0.11466821283102036,0.5505454540252686,0.6738589406013489,-0.08073029667139053,0.6125181317329407,0.6608980298042297,-0.1298312097787857,0.6038509011268616,0.5576801300048828,-0.14861230552196503,0.5809863209724426,0.4752810597419739,-0.15684030950069427,0.5182079672813416,0.7398925423622131,-0.09067995101213455,0.522201418876648,0.5774585008621216,-0.14711031317710876,0.48179930448532104,0.467301607131958,-0.15584683418273926,0.4598039984703064,0.4421248435974121,-0.1567722111940384,0.4671780467033386,0.773895263671875,-0.10278661549091339,0.45439067482948303,0.6014052033424377,-0.15503138303756714,0.42989087104797363,0.47526878118515015,-0.15308864414691925,0.41397157311439514,0.4133189916610718,-0.14444641768932343,0.4150351881980896,0.7857539653778076,-0.11553215235471725,0.4124569594860077,0.7037419676780701,-0.15867911279201508,0.4143894910812378,0.6493797302246094,-0.16408944129943848,0.41726425290107727,0.6230670809745789,-0.16085048019886017,G
0.39198213815689087,0.831926703453064,-4.507353423832683e-07,0.4468870759010315,0.7102928161621094,-0.01714588887989521,0.4860747754573822,0.5942223072052002,-0.047741636633872986,0.4876677095890045,0.4710642993450165,-0.07863995432853699,0.48405206203460693,0.36466896533966064,-0.1100064292550087,0.5547235012054443,0.7127584218978882,-0.08788251131772995,0.6149379014968872,0.657713770866394,-0.13883771002292633,0.6098049283027649,0.5477263927459717,-0.16015203297138214,0.5907756090164185,0.4595418870449066,-0.17030811309814453,0.5205686092376709,0.7788487672805786,-0.10188840329647064,0.5198585391044617,0.5819130539894104,-0.15722131729125977,0.48026105761528015,0.47233495116233826,-0.16654986143112183,0.4580453038215637,0.4385789632797241,-0.16931138932704926,0.46788886189460754,0.8199599385261536,-0.11648096889257431,0.44620418548583984,0.6059843897819519,-0.16607096791267395,0.4158983826637268,0.4854481518268585,-0.16440072655677795,0.39890819787979126,0.42898985743522644,-0.15779124200344086,0.4145229458808899,0.842454731464386,-0.13091415166854858,0.40909063816070557,0.7099639177322388,-0.17021706700325012,0.40448689460754395,0.6425444483757019,-0.17257490754127502,0.4053784906864166,0.6135108470916748,-0.16902519762516022,G
0.40886709094047546,0.9444060921669006,-1.9584219046464568e-07,0.4497479200363159,0.7879926562309265,-0.0009114385466091335,0.47910863161087036,0.6541637182235718,-0.031576089560985565,0.4772454798221588,0.5382726788520813,-0.06401681154966354,0.483934611082077,0.43216925859451294,-0.09832731634378433,0.5513371229171753,0.7391460537910461,-0.09976276755332947,0.6202229857444763,0.6599629521369934,-0.16172455251216888,0.6200298070907593,0.5506400465965271,-0.188232883810997,0.6022240519523621,0.46015214920043945,-0.1994057595729828,0.5182355046272278,0.7930993437767029,-0.1243506669998169,0.5251477360725403,0.6019402742385864,-0.1919509321451187,0.4856080114841461,0.4861014485359192,-0.2013426423072815,0.454590380191803,0.43209439516067505,-0.20031383633613586,0.46811553835868835,0.8331490755081177,-0.1471664160490036,0.45669829845428467,0.629237711429596,-0.20781631767749786,0.4224966764450073,0.5156199932098389,-0.20562727749347687,0.40328508615493774,0.4541114568710327,-0.19446466863155365,0.415134072303772,0.8593843579292297,-0.16705599427223206,0.41380810737609863,0.7208175659179688,-0.2121211141347885,0.40313783288002014,0.6471350789070129,-0.21405944228172302,0.39898672699928284,0.6100191473960876,-0.20752428472042084,G
0.41407203674316406,0.9555944800376892,-7.347460950768436e-08,0.45834869146347046,0.8151761293411255,-0.004794921260327101,0.484541118144989,0.6680330038070679,-0.034529417753219604,0.47704920172691345,0.5395315885543823,-0.06297552585601807,0.4783746302127838,0.4267740845680237,-0.09395604580640793,0.5550814867019653,0.745101273059845,-0.09865976125001907,0.6214100122451782,0.6584729552268982,-0.15608443319797516,0.6192144751548767,0.5438622236251831,-0.18201863765716553,0.6022184491157532,0.4533120393753052,-0.1928148716688156,0.518486738204956,0.8018686175346375,-0.11532837897539139,0.5200962424278259,0.6012816429138184,-0.1745835691690445,0.4849599003791809,0.4800977110862732,-0.18361467123031616,0.4565507769584656,0.42734360694885254,-0.18310120701789856,0.46678024530410767,0.8337425589561462,-0.1294422149658203,0.44826632738113403,0.6132610440254211,-0.18275214731693268,0.42174649238586426,0.4975328743457794,-0.18187499046325684,0.409322053194046,0.44583651423454285,-0.1714680939912796,0.4147721529006958,0.8460550308227539,-0.1403690129518509,0.4021967649459839,0.6767032742500305,-0.17756523191928864,0.3962904214859009,0.6069377660751343,-0.17760372161865234,0.3997788727283478,0.5853489637374878,-0.17001643776893616,G
0.4130113422870636,0.9548303484916687,-8.000542095487617e-08,0.4543777108192444,0.8068838119506836,-0.004370637238025665,0.4797270596027374,0.6546298265457153,-0.03265375643968582,0.47342753410339355,0.5264710783958435,-0.05997641012072563,0.4786139726638794,0.41750335693359375,-0.08987823128700256,0.5575800538063049,0.7391996383666992,-0.09181145578622818,0.6231662034988403,0.6572056412696838,-0.14516746997833252,0.6207485198974609,0.5439212322235107,-0.16878312826156616,0.6033851504325867,0.45194047689437866,-0.17890292406082153,0.5221389532089233,0.8005011081695557,-0.1092124655842781,0.5213942527770996,0.5897724032402039,-0.16652241349220276,0.4835224449634552,0.47314414381980896,-0.17567361891269684,0.4539923667907715,0.4240685999393463,-0.1750880628824234,0.4698425829410553,0.8385871648788452,-0.12395069748163223,0.4485473930835724,0.6086479425430298,-0.17626498639583588,0.42114514112472534,0.4967871308326721,-0.1748613715171814,0.40845784544944763,0.44752493500709534,-0.16387055814266205,0.41657841205596924,0.8560323715209961,-0.13545380532741547,0.40331950783729553,0.6804390549659729,-0.1723787486553192,0.39767539501190186,0.6122570633888245,-0.1715371459722519,0.40185171365737915,0.5932726263999939,-0.16310599446296692,G
0.41031837463378906,0.9382846355438232,-6.558727250194352e-08,0.4571799635887146,0.8028942942619324,-0.003681719535961747,0.48545151948928833,0.6547980904579163,-0.029716840013861656,0.47886860370635986,0.5278714895248413,-0.05474155768752098,0.48195770382881165,0.4177648425102234,-0.08255298435688019,0.5575164556503296,0.7279698848724365,-0.09091904759407043,0.6237287521362305,0.6483744382858276,-0.1405339241027832,0.6203482151031494,0.5367839336395264,-0.16104744374752045,0.6029384136199951,0.44445323944091797,-0.16992604732513428,0.5214640498161316,0.7899476289749146,-0.10834460705518723,0.5178604125976562,0.5849342346191406,-0.16367597877979279,0.48350048065185547,0.46901005506515503,-0.17276448011398315,0.45693621039390564,0.41526907682418823,-0.17274467647075653,0.4698202908039093,0.8288902640342712,-0.1226588785648346,0.4455130100250244,0.6037315726280212,-0.17233754694461823,0.41826331615448,0.4932461082935333,-0.16986624896526337,0.4065803587436676,0.4394832253456116,-0.15901434421539307,0.41741886734962463,0.8468127846717834,-0.13393020629882812,0.40108156204223633,0.6768630743026733,-0.1701924204826355,0.39537301659584045,0.6110977530479431,-0.16973988711833954,0.40093278884887695,0.5896602272987366,-0.16171811521053314,G
0.4137836992740631,0.9517693519592285,-8.95113956289606e-08,0.4555831551551819,0.7946965098381042,0.003606680314987898,0.48074692487716675,0.6517738103866577,-0.02784205973148346,0.47378259897232056,0.5296512842178345,-0.0604623481631279,0.4767020642757416,0.4157009720802307,-0.09605921059846878,0.555172324180603,0.7339043021202087,-0.1054881364107132,0.6215420961380005,0.6538347601890564,-0.16943657398223877,0.6196678280830383,0.5397042036056519,-0.19764991104602814,0.6042556166648865,0.4468103051185608,-0.209166020154953,0.5201494097709656,0.7941070795059204,-0.12979337573051453,0.5222198963165283,0.6022091507911682,-0.19592316448688507,0.4877299666404724,0.4759029150009155,-0.20232264697551727,0.4598810076713562,0.4182470738887787,-0.19879798591136932,0.4691828489303589,0.8315199613571167,-0.15105564892292023,0.4467232823371887,0.6184092164039612,-0.21007926762104034,0.41826197504997253,0.4989057183265686,-0.20486976206302643,0.4049084782600403,0.443406343460083,-0.19013158977031708,0.4170612692832947,0.8517758250236511,-0.1685405969619751,0.4022197723388672,0.6890757083892822,-0.20886120200157166,0.3964146375656128,0.616654634475708,-0.20666827261447906,0.400497168302536,0.5936298370361328,-0.1966911107301712,G
0.4024505615234375,0.9327459335327148,-1.1379503916941758e-07,0.4498160183429718,0.7899761199951172,-0.004708553198724985,0.4806126356124878,0.6472004055976868,-0.0313289575278759,0.4782603681087494,0.5217130780220032,-0.0575842559337616,0.48529720306396484,0.41062575578689575,-0.08646535873413086,0.5580524206161499,0.7355331778526306,-0.08734685927629471,0.622031033039093,0.6626392006874084,-0.13860228657722473,0.6204010248184204,0.552323579788208,-0.16292336583137512,0.6062560081481934,0.4587644636631012,-0.1745094209909439,0.5226407051086426,0.7953781485557556,-0.10427446663379669,0.5217684507369995,0.6053028106689453,-0.15745499730110168,0.4876055419445038,0.48326945304870605,-0.16742254793643951,0.4595714807510376,0.42219868302345276,-0.16943365335464478,0.46982863545417786,0.8351637721061707,-0.11876572668552399,0.4486289620399475,0.6237990260124207,-0.1669728308916092,0.42047497630119324,0.5061899423599243,-0.1665256917476654,0.40500763058662415,0.44617363810539246,-0.15808528661727905,0.4156618118286133,0.8566802740097046,-0.1306552141904831,0.4057554006576538,0.7040491700172424,-0.1675308495759964,0.39889609813690186,0.6329963803291321,-0.16914543509483337,0.39974576234817505,0.6051499247550964,-0.16302289068698883,G
0.3889751434326172,0.9025912284851074,-1.9014724728094734e-07,0.44096851348876953,0.7659239768981934,-0.007147792261093855,0.4773291051387787,0.6358240842819214,-0.03399759903550148,0.4820494055747986,0.5185464024543762,-0.0605504997074604,0.4888487458229065,0.4112807810306549,-0.08915223181247711,0.554731547832489,0.7321763634681702,-0.08483052998781204,0.6201381087303162,0.6626901030540466,-0.13712966442108154,0.6182328462600708,0.5552976727485657,-0.16169846057891846,0.6020064949989319,0.4622189402580261,-0.1732507050037384,0.520957350730896,0.7910255193710327,-0.10229454189538956,0.5219789743423462,0.6060228943824768,-0.15612325072288513,0.4884520471096039,0.4964708685874939,-0.16635702550411224,0.4631849527359009,0.4388161301612854,-0.16866986453533173,0.46849024295806885,0.8324342370033264,-0.11841701716184616,0.4499989449977875,0.6350505948066711,-0.1697893589735031,0.4219706654548645,0.5158650279045105,-0.17118878662586212,0.4066965878009796,0.44061970710754395,-0.16435961425304413,0.41380828619003296,0.8584582805633545,-0.13211020827293396,0.40912705659866333,0.7263056039810181,-0.17272180318832397,0.4012540578842163,0.6554850935935974,-0.17594312131404877,0.4007011353969574,0.6140561699867249,-0.17115682363510132,G
0.40244704484939575,0.8261864185333252,-4.085937348463631e-07,0.45699068903923035,0.669395923614502,-0.020894654095172882,0.4995875358581543,0.5588749051094055,-0.04618697240948677,0.5117666721343994,0.465462863445282,-0.07057435065507889,0.5158006548881531,0.37938639521598816,-0.095604807138443,0.5672510862350464,0.7199834585189819,-0.07495090365409851,0.6181246042251587,0.6783553957939148,-0.12057563662528992,0.609006404876709,0.5893818736076355,-0.14419744908809662,0.5854416489601135,0.5017159581184387,-0.15707646310329437,0.5381551384925842,0.7929415702819824,-0.08595109730958939,0.5078175663948059,0.6312757730484009,-0.13522487878799438,0.469682902097702,0.5163004398345947,-0.15169529616832733,0.4445980489253998,0.44021010398864746,-0.16202305257320404,0.48873651027679443,0.8366231918334961,-0.09798750281333923,0.44868004322052,0.6640319228172302,-0.1483045369386673,0.4218009114265442,0.5464350581169128,-0.15869076550006866,0.405259907245636,0.46173879504203796,-0.16088229417800903,0.4369054436683655,0.8592318296432495,-0.10948904603719711,0.4139575660228729,0.7525577545166016,-0.15462186932563782,0.4068007469177246,0.6846775412559509,-0.1653275340795517,0.40598559379577637,0.630171537399292,-0.16732476651668549,G
0.39930373430252075,0.7135618329048157,-5.093799018140999e-07,0.44641435146331787,0.5924220085144043,-0.030823534354567528,0.4969407916069031,0.5202239751815796,-0.0635991096496582,0.5188444256782532,0.45650941133499146,-0.09590313583612442,0.5298591256141663,0.37623709440231323,-0.12761950492858887,0.5594523549079895,0.7007085680961609,-0.0892316922545433,0.6148898601531982,0.709667980670929,-0.14577451348304749,0.5996952056884766,0.6183823943138123,-0.17298515141010284,0.5743955969810486,0.5315310955047607,-0.18646913766860962,0.5287342071533203,0.7733539342880249,-0.100042425096035,0.525608241558075,0.6501067280769348,-0.16541478037834167,0.48799774050712585,0.5258077383041382,-0.1835610419511795,0.4700346291065216,0.4634166359901428,-0.18951953947544098,0.4776139557361603,0.8138681054115295,-0.11343986541032791,0.4551438093185425,0.6730970144271851,-0.17585478723049164,0.4255005121231079,0.5380947589874268,-0.17993290722370148,0.40960055589675903,0.4529193341732025,-0.17307934165000916,0.4244133234024048,0.8315850496292114,-0.1278112530708313,0.4172784686088562,0.7636072635650635,-0.1774783581495285,0.4118621349334717,0.7009230852127075,-0.18285603821277618,0.4123401343822479,0.6608635187149048,-0.17846788465976715,G
0.37673357129096985,0.698401153087616,-5.612440077129577e-07,0.43883514404296875,0.5914486050605774,-0.02689521573483944,0.4929583966732025,0.5196084976196289,-0.05766652151942253,0.5145710110664368,0.44319695234298706,-0.08939244598150253,0.5192153453826904,0.35939669609069824,-0.11853884160518646,0.5557413697242737,0.6958662271499634,-0.07362455874681473,0.6114173531532288,0.7150459289550781,-0.11959559470415115,0.5993682146072388,0.6157738566398621,-0.1359596997499466,0.574706494808197,0.5291092395782471,-0.14156807959079742,0.5216160416603088,0.7727731466293335,-0.08186715096235275,0.5194901823997498,0.6342171430587769,-0.1341683566570282,0.4821108877658844,0.5115360021591187,-0.14217616617679596,0.4608187973499298,0.4678810238838196,-0.1415354311466217,0.46951889991760254,0.8080517649650574,-0.09285544604063034,0.44737207889556885,0.6434028744697571,-0.14083734154701233,0.4263516664505005,0.5134783983230591,-0.13762803375720978,0.4133374094963074,0.43769025802612305,-0.12765124440193176,0.41857296228408813,0.8181625604629517,-0.10546167194843292,0.40967902541160583,0.7425734996795654,-0.14153914153575897,0.4107692837715149,0.6905992031097412,-0.14188989996910095,0.41263118386268616,0.6568605303764343,-0.1351483315229416,G
0.3780949115753174,0.6903004050254822,-5.258863211565767e-07,0.43573611974716187,0.5777008533477783,-0.027234528213739395,0.4914311468601227,0.5053447484970093,-0.05756794661283493,0.5160424709320068,0.4357661008834839,-0.08937695622444153,0.5237806439399719,0.35372915863990784,-0.11863628774881363,0.5561182498931885,0.6885020136833191,-0.06811552494764328,0.6098206043243408,0.7081590890884399,-0.11558058112859726,0.5992931127548218,0.6155681014060974,-0.1330372542142868,0.5736483931541443,0.536733090877533,-0.1392100304365158,0.5250855684280396,0.7655884027481079,-0.07715490460395813,0.5161905288696289,0.6210879683494568,-0.1299758106470108,0.47409775853157043,0.4993050992488861,-0.13667547702789307,0.45502716302871704,0.46658676862716675,-0.13442449271678925,0.472608745098114,0.8020886778831482,-0.08995343744754791,0.44616466760635376,0.6391206979751587,-0.14108756184577942,0.42193877696990967,0.5037350058555603,-0.1367274969816208,0.40961045026779175,0.43400418758392334,-0.12478338181972504,0.42049264907836914,0.8104230165481567,-0.10449784994125366,0.4079245924949646,0.7358267307281494,-0.14479152858257294,0.4082268178462982,0.6852145791053772,-0.14648598432540894,0.4103809595108032,0.6623204946517944,-0.13943402469158173,G
0.3799421191215515,0.6825736165046692,-5.222224217504845e-07,0.43869808316230774,0.5726079940795898,-0.030024899169802666,0.4960628151893616,0.5042012333869934,-0.06170056015253067,0.52088862657547,0.43554195761680603,-0.09454911947250366,0.5249194502830505,0.3502896726131439,-0.12438749521970749,0.5537870526313782,0.6869682669639587,-0.07165580242872238,0.6082696914672852,0.7112944722175598,-0.1203223466873169,0.5931334495544434,0.6113346219062805,-0.13708683848381042,0.5665242075920105,0.5245043635368347,-0.14240875840187073,0.5206781029701233,0.7583189010620117,-0.0793360099196434,0.5167909860610962,0.6216430068016052,-0.1343582719564438,0.47717323899269104,0.5059792995452881,-0.14146633446216583,0.46057742834091187,0.4741973876953125,-0.13925227522850037,0.46952980756759644,0.7935377359390259,-0.0911572277545929,0.44705283641815186,0.6338238716125488,-0.14263693988323212,0.424296110868454,0.5033673048019409,-0.13939251005649567,0.4145157039165497,0.4326540231704712,-0.12846910953521729,0.4188087284564972,0.8073994517326355,-0.10500714927911758,0.4084147810935974,0.7352375984191895,-0.1435907483100891,0.4065304100513458,0.6852619647979736,-0.1456197202205658,0.40809598565101624,0.6591489315032959,-0.13968592882156372,G
0.3819201588630676,0.669363260269165,-4.5410462234940496e-07,0.4409881830215454,0.5618415474891663,-0.030964497476816177,0.49645698070526123,0.49648594856262207,-0.06387881934642792,0.5215273499488831,0.4304330050945282,-0.09742159396409988,0.5270731449127197,0.3477649986743927,-0.12739954888820648,0.5571203827857971,0.6826319694519043,-0.07565037906169891,0.6087177991867065,0.7128613591194153,-0.12337242811918259,0.5935056805610657,0.6169410347938538,-0.13831086456775665,0.5674483180046082,0.5335403084754944,-0.14276376366615295,0.5232940316200256,0.7536724805831909,-0.08293022960424423,0.5170090794563293,0.622228741645813,-0.13796183466911316,0.47892576456069946,0.506815493106842,-0.14429418742656708,0.4625110626220703,0.47467735409736633,-0.14202924072742462,0.4704464077949524,0.7852057814598083,-0.09412887692451477,0.4486910402774811,0.6331081390380859,-0.1467011719942093,0.426804780960083,0.5009625554084778,-0.143979012966156,0.4155237078666687,0.4285295903682709,-0.13342787325382233,0.4177425801753998,0.7946244478225708,-0.10716582089662552,0.40827348828315735,0.7432522773742676,-0.14896269142627716,0.4100814461708069,0.6950228810310364,-0.15347881615161896,0.4135388135910034,0.6642714738845825,-0.1489739567041397,G
0.38076508045196533,0.6637753248214722,-4.964967388332298e-07,0.43316230177879333,0.5546442866325378,-0.03112158179283142,0.4868973195552826,0.49104517698287964,-0.06481130421161652,0.5182468295097351,0.42986127734184265,-0.09919290244579315,0.5334633588790894,0.34963077306747437,-0.1306324452161789,0.5485749244689941,0.6791588664054871,-0.07583515346050262,0.6049145460128784,0.717193603515625,-0.12444246560335159,0.5920760631561279,0.6233843564987183,-0.14178825914859772,0.5650674700737,0.5374444127082825,-0.14751534163951874,0.5173079371452332,0.7508721351623535,-0.08221570402383804,0.5182161331176758,0.6271901726722717,-0.13819558918476105,0.4822438359260559,0.5102306604385376,-0.14679072797298431,0.46197590231895447,0.46902692317962646,-0.1455446481704712,0.4686155617237091,0.7845949530601501,-0.09229425340890884,0.4504293203353882,0.6326369047164917,-0.14429114758968353,0.42965373396873474,0.5042442083358765,-0.1426326334476471,0.4169278144836426,0.42702406644821167,-0.13263405859470367,0.420087993144989,0.7966387271881104,-0.10423699021339417,0.41247814893722534,0.7312646508216858,-0.14509868621826172,0.4116993546485901,0.6927757263183594,-0.14987756311893463,0.41286537051200867,0.6690518856048584,-0.145440474152565,G
0.3891117572784424,0.6523342132568359,-5.315587827681156e-07,0.44112837314605713,0.5481414198875427,-0.02998034842312336,0.4927102327346802,0.48748308420181274,-0.062120262533426285,0.5186049342155457,0.4256056547164917,-0.09509635716676712,0.5320258140563965,0.3481673300266266,-0.12515650689601898,0.5505558252334595,0.6727362275123596,-0.07397471368312836,0.6053000688552856,0.7190514802932739,-0.12251563370227814,0.5918303728103638,0.6240299344062805,-0.13933569192886353,0.5647422075271606,0.536685049533844,-0.144144669175148,0.5187999606132507,0.7460906505584717,-0.08058322966098785,0.5186508297920227,0.6257012486457825,-0.13562574982643127,0.48052021861076355,0.5066397786140442,-0.1435864418745041,0.45870834589004517,0.4667847156524658,-0.14159400761127472,0.4692046046257019,0.7816591262817383,-0.09087053686380386,0.4516887664794922,0.6324059963226318,-0.1437271386384964,0.4288845360279083,0.5014954209327698,-0.1419508308172226,0.4148452579975128,0.424957811832428,-0.13100755214691162,0.4197864532470703,0.7970619201660156,-0.10266716033220291,0.4125853180885315,0.7350353598594666,-0.14338819682598114,0.4105178713798523,0.6906075477600098,-0.14649416506290436,0.4093814194202423,0.6632615327835083,-0.14034365117549896,G
0.3863678574562073,0.6478188633918762,-5.258140163277858e-07,0.43939727544784546,0.5419207811355591,-0.029532644897699356,0.49034741520881653,0.48252514004707336,-0.0608404241502285,0.5185518860816956,0.4259248971939087,-0.09253436326980591,0.5340583920478821,0.35356733202934265,-0.12096327543258667,0.5463176965713501,0.6718618869781494,-0.07448974251747131,0.6040185689926147,0.7185646891593933,-0.11940395087003708,0.592348039150238,0.6231158375740051,-0.13352306187152863,0.5654789209365845,0.5308778285980225,-0.13697148859500885,0.5147444009780884,0.7441308498382568,-0.08012505620718002,0.5192521810531616,0.6244799494743347,-0.13117213547229767,0.48615169525146484,0.510515034198761,-0.13792617619037628,0.4653328061103821,0.46532511711120605,-0.13630859553813934,0.46631354093551636,0.7763513326644897,-0.08890333026647568,0.4486222565174103,0.6211299896240234,-0.13649940490722656,0.4282023310661316,0.49915891885757446,-0.13418824970722198,0.41488757729530334,0.42326468229293823,-0.12470965087413788,0.41797059774398804,0.7882157564163208,-0.0993422195315361,0.4091011583805084,0.7248574495315552,-0.13614411652088165,0.4075625240802765,0.688808262348175,-0.13905762135982513,0.40805602073669434,0.6629229784011841,-0.13408908247947693,G
0.391174852848053,0.646369218826294,-4.7096057187445695e-07,0.4416944682598114,0.5466806888580322,-0.031713180243968964,0.4896848201751709,0.48303475975990295,-0.06692835688591003,0.513110339641571,0.42047685384750366,-0.10249685496091843,0.528262734413147,0.3478846848011017,-0.13599540293216705,0.5478182435035706,0.6700872778892517,-0.08422092348337173,0.6008191704750061,0.7163259387016296,-0.13744038343429565,0.5972150564193726,0.6327351927757263,-0.15932081639766693,0.5780915021896362,0.5417659282684326,-0.16714201867580414,0.5161250233650208,0.7411680221557617,-0.09066394716501236,0.5119845867156982,0.6178099513053894,-0.1486954689025879,0.47918954491615295,0.5031900405883789,-0.15771475434303284,0.46139028668403625,0.4556397795677185,-0.15667618811130524,0.46572592854499817,0.7729737162590027,-0.10047894716262817,0.4447292983531952,0.6202905178070068,-0.15445473790168762,0.4240815341472626,0.4989440143108368,-0.1510448008775711,0.4122629165649414,0.4228437840938568,-0.13938990235328674,0.4160701334476471,0.7827529907226562,-0.11220394819974899,0.40539050102233887,0.7179625034332275,-0.1547776162624359,0.40351444482803345,0.6832894086837769,-0.15720459818840027,0.404702752828598,0.6612279415130615,-0.15022775530815125,G
0.4053553342819214,0.6617639064788818,-1.0308797016023163e-07,0.4567700922489166,0.5535470247268677,-0.0493282712996006,0.49796411395072937,0.48521530628204346,-0.1054762676358223,0.51806640625,0.4206847548484802,-0.15830197930335999,0.5366330146789551,0.3465200364589691,-0.20899099111557007,0.5542754530906677,0.684615433216095,-0.15077778697013855,0.6022485494613647,0.7692346572875977,-0.23688523471355438,0.6089390516281128,0.726181149482727,-0.27543067932128906,0.5936287641525269,0.6536092162132263,-0.29094529151916504,0.5213434100151062,0.7517845630645752,-0.15652400255203247,0.5131552815437317,0.6193519234657288,-0.25879183411598206,0.48335161805152893,0.4976159930229187,-0.2744534909725189,0.45958349108695984,0.43586885929107666,-0.26965710520744324,0.46676740050315857,0.778739869594574,-0.16526973247528076,0.4449022710323334,0.6153461933135986,-0.254996120929718,0.4272986054420471,0.4963914453983307,-0.2472788244485855,0.4142204523086548,0.4280053973197937,-0.22450727224349976,0.41399142146110535,0.7812159061431885,-0.17607209086418152,0.4018065929412842,0.6973477005958557,-0.24491313099861145,0.40134572982788086,0.6620401740074158,-0.24929845333099365,0.4047139883041382,0.6496472358703613,-0.23811551928520203,G
0.40003740787506104,0.645397961139679,-3.1554712620618375e-08,0.44980478286743164,0.5402109026908875,-0.061909571290016174,0.49214136600494385,0.4732727110385895,-0.12484057247638702,0.5165038704872131,0.4163596034049988,-0.18244627118110657,0.5405909419059753,0.3440782427787781,-0.23763835430145264,0.5522772073745728,0.6851469874382019,-0.1604229360818863,0.5985377430915833,0.7725971937179565,-0.2558612823486328,0.6184086799621582,0.7280973792076111,-0.30374959111213684,0.6159293055534363,0.6514447331428528,-0.32569968700408936,0.5195731520652771,0.7515857219696045,-0.16196510195732117,0.5125046372413635,0.617603600025177,-0.2700706720352173,0.4836304485797882,0.4963100850582123,-0.2882556915283203,0.45965903997421265,0.4367859959602356,-0.28446680307388306,0.46593523025512695,0.776858925819397,-0.16858740150928497,0.44358134269714355,0.6193219423294067,-0.265735387802124,0.4279141426086426,0.5030791163444519,-0.26163792610168457,0.41458582878112793,0.4327828884124756,-0.23996348679065704,0.4136335253715515,0.7781884074211121,-0.1785304844379425,0.39716631174087524,0.7086184620857239,-0.2552827298641205,0.39685356616973877,0.6630365252494812,-0.2647053301334381,0.4002610743045807,0.6340631246566772,-0.2562202215194702,G
0.40586817264556885,0.6088862419128418,-1.6611713249403692e-07,0.45094040036201477,0.5123788118362427,-0.051295164972543716,0.48763224482536316,0.45306360721588135,-0.10363350808620453,0.506402313709259,0.405805766582489,-0.15452978014945984,0.5257759094238281,0.3385182023048401,-0.20544640719890594,0.5490128993988037,0.6663580536842346,-0.11016915738582611,0.5958576202392578,0.7562094926834106,-0.1828334778547287,0.619506299495697,0.7284178733825684,-0.22408783435821533,0.6225680708885193,0.6580092310905457,-0.24352437257766724,0.5177960395812988,0.7378010749816895,-0.1134202852845192,0.5065775513648987,0.6109490394592285,-0.1959257423877716,0.4780290424823761,0.48980045318603516,-0.21519708633422852,0.4561309218406677,0.4240291714668274,-0.2148217409849167,0.4645925760269165,0.7642089128494263,-0.12172211706638336,0.44267264008522034,0.6149133443832397,-0.19675561785697937,0.4215695261955261,0.5028035640716553,-0.19479407370090485,0.4077509641647339,0.4325038194656372,-0.17747150361537933,0.410841703414917,0.769433319568634,-0.13343070447444916,0.39628866314888,0.692234992980957,-0.1879109889268875,0.3882524073123932,0.634817361831665,-0.18784737586975098,0.38657307624816895,0.5942519903182983,-0.17478002607822418,G
0.4094279408454895,0.5940730571746826,-1.4734557396423043e-07,0.44930073618888855,0.4973190426826477,-0.06558987498283386,0.48830077052116394,0.4341663122177124,-0.12610773742198944,0.5079800486564636,0.3826693594455719,-0.1818588525056839,0.5307019948959351,0.3144172728061676,-0.23481430113315582,0.5497229099273682,0.6425237655639648,-0.14079013466835022,0.5998550057411194,0.7394329309463501,-0.22043390572071075,0.6162149906158447,0.6991940140724182,-0.2568972110748291,0.6089137196540833,0.618547797203064,-0.271761417388916,0.5169217586517334,0.7174667119979858,-0.13926999270915985,0.5124145746231079,0.5924219489097595,-0.2314397543668747,0.4797104597091675,0.4642074406147003,-0.2439967542886734,0.45712772011756897,0.4107639789581299,-0.23759277164936066,0.46271172165870667,0.7441580295562744,-0.1434130221605301,0.4452468156814575,0.5989431142807007,-0.2254631519317627,0.4250341057777405,0.48411309719085693,-0.2134198397397995,0.41361743211746216,0.426017165184021,-0.18896809220314026,0.408952534198761,0.7482831478118896,-0.15237706899642944,0.39926379919052124,0.678133487701416,-0.21543258428573608,0.3978477120399475,0.6148043274879456,-0.21379099786281586,0.4010453224182129,0.5754897594451904,-0.1984410136938095,G
0.40706247091293335,0.5791983008384705,-8.853513833173565e-08,0.44618356227874756,0.48208892345428467,-0.06515659391880035,0.48287832736968994,0.42028963565826416,-0.12747471034526825,0.5033130645751953,0.37191611528396606,-0.18538722395896912,0.5249550938606262,0.31185075640678406,-0.2416439801454544,0.5457807779312134,0.6288462281227112,-0.14576344192028046,0.5924249887466431,0.7092347741127014,-0.23620891571044922,0.6072304844856262,0.674680769443512,-0.28597292304039,0.6049365997314453,0.6073518991470337,-0.310598224401474,0.5141999125480652,0.7002336978912354,-0.1465916782617569,0.5061066150665283,0.5777567625045776,-0.2483120560646057,0.47413885593414307,0.45970067381858826,-0.26971614360809326,0.45134371519088745,0.4035051465034485,-0.26993340253829956,0.4607890844345093,0.727713406085968,-0.15354038774967194,0.4396589994430542,0.586055338382721,-0.2424466758966446,0.41805243492126465,0.47419893741607666,-0.23765093088150024,0.4053564667701721,0.4110950827598572,-0.21799734234809875,0.40790170431137085,0.731239914894104,-0.16520245373249054,0.39379727840423584,0.6632413864135742,-0.23284107446670532,0.3926541805267334,0.6115052700042725,-0.23816952109336853,0.39751243591308594,0.5809719562530518,-0.22878426313400269,G
0.37497463822364807,0.6236768960952759,-3.94619149801656e-07,0.4264288544654846,0.5019126534461975,-0.03172001615166664,0.4758451282978058,0.4249117374420166,-0.06666450947523117,0.49622058868408203,0.3480658531188965,-0.10199596732854843,0.5045667290687561,0.2584556043148041,-0.1367790549993515,0.538189172744751,0.5917354226112366,-0.08400058001279831,0.5924876928329468,0.6034771203994751,-0.14028644561767578,0.5886433124542236,0.5168227553367615,-0.16997773945331573,0.5707875490188599,0.43337804079055786,-0.18533189594745636,0.5068053603172302,0.6666812896728516,-0.09363028407096863,0.4957713186740875,0.5267726182937622,-0.1575549691915512,0.460832804441452,0.41220125555992126,-0.17418773472309113,0.43892401456832886,0.36486342549324036,-0.1788211464881897,0.4542982578277588,0.7015416622161865,-0.10671545565128326,0.4283105731010437,0.5438897609710693,-0.16407530009746552,0.407407283782959,0.4263034760951996,-0.1658918857574463,0.39341282844543457,0.3578348755836487,-0.15823295712471008,0.40238192677497864,0.7087079882621765,-0.12179350107908249,0.3897552490234375,0.6270626187324524,-0.16770148277282715,0.38838058710098267,0.5929936170578003,-0.17381545901298523,0.3885614275932312,0.57985919713974,-0.1701522171497345,G
0.3769124150276184,0.6637303233146667,-2.8326590495453274e-07,0.4265928864479065,0.5300502181053162,-0.026260362938046455,0.4727542996406555,0.43287384510040283,-0.07053679972887039,0.48907074332237244,0.3476003408432007,-0.1150607094168663,0.5019413232803345,0.2461356818675995,-0.15985910594463348,0.5335996150970459,0.5880571603775024,-0.1288863569498062,0.5903905034065247,0.586119532585144,-0.2045736312866211,0.5932151675224304,0.497308611869812,-0.23835332691669464,0.5828893184661865,0.4114839434623718,-0.25584104657173157,0.5006353855133057,0.654463529586792,-0.149444118142128,0.5018711686134338,0.5014830827713013,-0.23588095605373383,0.46164554357528687,0.38995635509490967,-0.24925567209720612,0.44309529662132263,0.35372161865234375,-0.24997198581695557,0.4476616382598877,0.6922447085380554,-0.17158719897270203,0.4354647397994995,0.5277340412139893,-0.2501518428325653,0.4091009497642517,0.4066775143146515,-0.24680763483047485,0.3964499831199646,0.35158878564834595,-0.2340538054704666,0.393608957529068,0.7055267691612244,-0.19394457340240479,0.3887690603733063,0.6111900210380554,-0.2619250416755676,0.3882845938205719,0.5400117635726929,-0.27351415157318115,0.3907659351825714,0.5067587494850159,-0.27212104201316833,G
0.3778255581855774,0.6741379499435425,-7.76178694650298e-08,0.4308784008026123,0.5325247049331665,-0.04248717054724693,0.47232380509376526,0.43461912870407104,-0.1000165194272995,0.49038589000701904,0.3553258776664734,-0.15301327407360077,0.501823902130127,0.25701355934143066,-0.20581050217151642,0.5407889485359192,0.5993980765342712,-0.16064482927322388,0.594120979309082,0.5912798047065735,-0.2551838457584381,0.5918004512786865,0.4980800151824951,-0.3018803894519806,0.5761204361915588,0.4085378348827362,-0.3247271180152893,0.5038910508155823,0.6563599109649658,-0.1775636076927185,0.504520833492279,0.5206892490386963,-0.2762340307235718,0.4669910669326782,0.4017423987388611,-0.2954466938972473,0.4489762783050537,0.34327852725982666,-0.2988092005252838,0.4521625339984894,0.6869966387748718,-0.19677092134952545,0.4365774691104889,0.5306806564331055,-0.2865339517593384,0.4092850983142853,0.4120318591594696,-0.28565678000450134,0.3972705006599426,0.3530515730381012,-0.2723761200904846,0.4007343351840973,0.6973165273666382,-0.21687954664230347,0.3944215774536133,0.5858272314071655,-0.2864050567150116,0.39383432269096375,0.5251806378364563,-0.2933465242385864,0.39853963255882263,0.5049089193344116,-0.2880983352661133,G
0.37474459409713745,0.6766126751899719,-1.3894816675019683e-07,0.43022286891937256,0.5300385355949402,-0.03750120848417282,0.46949416399002075,0.4352150857448578,-0.09736785292625427,0.4913554787635803,0.36232006549835205,-0.15534822642803192,0.5050258040428162,0.2620135247707367,-0.2121540755033493,0.5404502749443054,0.6015496850013733,-0.15813958644866943,0.5908078551292419,0.6052772402763367,-0.25376269221305847,0.5895508527755737,0.5065439343452454,-0.2962959110736847,0.5742812156677246,0.41855093836784363,-0.31600436568260193,0.5036178827285767,0.6543304920196533,-0.1802254319190979,0.5053468346595764,0.5272815823554993,-0.28352072834968567,0.46612200140953064,0.4032588601112366,-0.29852861166000366,0.4503549039363861,0.3525398075580597,-0.2968205213546753,0.4525125026702881,0.6857075691223145,-0.20482583343982697,0.43579041957855225,0.5395674705505371,-0.2993035912513733,0.4089156985282898,0.41716402769088745,-0.2947526276111603,0.3987577259540558,0.3602396249771118,-0.2774493992328644,0.4007109999656677,0.7008605599403381,-0.23010997474193573,0.39201730489730835,0.5956030488014221,-0.3029771149158478,0.39179766178131104,0.5305182337760925,-0.30987733602523804,0.3963788151741028,0.5066906809806824,-0.30371761322021484,G
0.3821720778942108,0.6608401536941528,-5.493949970514223e-07,0.4231882095336914,0.5335319638252258,-0.04350443184375763,0.4642239212989807,0.45537951588630676,-0.07661847770214081,0.4821477234363556,0.38773074746131897,-0.10697894543409348,0.4899621903896332,0.3040843904018402,-0.13501396775245667,0.5315665602684021,0.6280815005302429,-0.07614599168300629,0.534820556640625,0.575433611869812,-0.13190831243991852,0.5006137490272522,0.5002095103263855,-0.16066375374794006,0.4806883633136749,0.46853363513946533,-0.17558903992176056,0.5031960010528564,0.7096825838088989,-0.08043964207172394,0.4880017638206482,0.6350000500679016,-0.1378413289785385,0.4519259035587311,0.5349116921424866,-0.15065376460552216,0.4397490918636322,0.509038507938385,-0.15308484435081482,0.4600030779838562,0.7586209177970886,-0.09084919840097427,0.4300311803817749,0.6666233539581299,-0.14636340737342834,0.40456029772758484,0.5613362789154053,-0.14612354338169098,0.397507905960083,0.5218561887741089,-0.1375923901796341,0.41430073976516724,0.780846118927002,-0.10497258603572845,0.3888499140739441,0.7253837585449219,-0.14536671340465546,0.3775196075439453,0.6590307950973511,-0.14810079336166382,0.37743133306503296,0.6275619268417358,-0.14428028464317322,D
0.37669897079467773,0.6471965312957764,-6.095673370509758e-07,0.43026506900787354,0.5256327390670776,-0.04299616441130638,0.4810578525066376,0.44838210940361023,-0.06969435513019562,0.4981417655944824,0.37203940749168396,-0.0937635526061058,0.5027502775192261,0.28782370686531067,-0.11469170451164246,0.5167976021766663,0.6283553838729858,-0.05965825170278549,0.5147150158882141,0.5725941061973572,-0.10519598424434662,0.48022204637527466,0.4777792692184448,-0.1285119503736496,0.457196980714798,0.4451274275779724,-0.14095939695835114,0.4787199795246124,0.7032217979431152,-0.06154555454850197,0.45930710434913635,0.6218931674957275,-0.10919901728630066,0.42937394976615906,0.5069494247436523,-0.12044821679592133,0.41947510838508606,0.47626784443855286,-0.12368010729551315,0.42974525690078735,0.7419339418411255,-0.06988735496997833,0.4013179838657379,0.6522171497344971,-0.11935248970985413,0.38060811161994934,0.5389045476913452,-0.12034496665000916,0.37254035472869873,0.49430274963378906,-0.11335563659667969,0.3817361295223236,0.7548791766166687,-0.08181799203157425,0.35867631435394287,0.7071991562843323,-0.11940955370664597,0.3525512218475342,0.6372311115264893,-0.12244529277086258,0.3518894910812378,0.598289430141449,-0.11936867237091064,D
0.38583555817604065,0.6507593989372253,-5.558035240937897e-07,0.43743208050727844,0.5320762991905212,-0.04549223557114601,0.48293107748031616,0.45703545212745667,-0.07490086555480957,0.49856480956077576,0.38010159134864807,-0.10154420882463455,0.505366861820221,0.29384317994117737,-0.1257185935974121,0.5193622708320618,0.6190517544746399,-0.06412465870380402,0.5131144523620605,0.577012300491333,-0.11218977719545364,0.4809960126876831,0.49061447381973267,-0.13790206611156464,0.46177616715431213,0.4660090208053589,-0.15234702825546265,0.4823967218399048,0.7003656029701233,-0.06574015319347382,0.46093735098838806,0.6312566995620728,-0.11453911662101746,0.43194907903671265,0.5219869017601013,-0.12647630274295807,0.4243003726005554,0.5031570196151733,-0.13085824251174927,0.4361949563026428,0.7443720698356628,-0.074151910841465,0.4090428054332733,0.6605340242385864,-0.12415218353271484,0.39011150598526,0.5516837239265442,-0.12550027668476105,0.38212499022483826,0.5205346941947937,-0.11979179829359055,0.39104509353637695,0.7608860731124878,-0.08656523376703262,0.36893460154533386,0.7103402018547058,-0.12331190705299377,0.3609335720539093,0.6349731683731079,-0.1265791952610016,0.3568141460418701,0.5983021259307861,-0.12500189244747162,D
0.3869335651397705,0.6533440351486206,-5.68968403058534e-07,0.4385043680667877,0.5410404801368713,-0.04395802319049835,0.4809260070323944,0.46216893196105957,-0.07289659976959229,0.496261328458786,0.38086503744125366,-0.09845779091119766,0.5011892318725586,0.2929939925670624,-0.12146898359060287,0.5159855484962463,0.6257193684577942,-0.06866869330406189,0.5140190124511719,0.5757477283477783,-0.11548059433698654,0.4843614101409912,0.49143075942993164,-0.13948073983192444,0.4623640775680542,0.4603191912174225,-0.1522858440876007,0.4795163571834564,0.7008615732192993,-0.0695863887667656,0.4575957953929901,0.6250995397567749,-0.1176336258649826,0.431797057390213,0.5195522308349609,-0.12778665125370026,0.42169275879859924,0.4908338785171509,-0.13098865747451782,0.4328390657901764,0.7401548624038696,-0.07654276490211487,0.40419238805770874,0.6549415588378906,-0.1263047605752945,0.3878066837787628,0.5489454865455627,-0.127513587474823,0.37970712780952454,0.5055834054946899,-0.12145611643791199,0.38719287514686584,0.7521335482597351,-0.08712872862815857,0.36302289366722107,0.7059899568557739,-0.1263085901737213,0.3570922613143921,0.6350486874580383,-0.13091884553432465,0.35518336296081543,0.5913253426551819,-0.12936930358409882,D
0.3834057152271271,0.6475277543067932,-4.777004392053641e-07,0.43453943729400635,0.5336259603500366,-0.04736367613077164,0.47746706008911133,0.44847995042800903,-0.07997991889715195,0.5011554956436157,0.36683833599090576,-0.10862084478139877,0.5223796367645264,0.28480657935142517,-0.134732186794281,0.5095524191856384,0.6191081404685974,-0.07709553092718124,0.5079327821731567,0.5628786087036133,-0.12980394065380096,0.48204001784324646,0.4948107600212097,-0.1597142517566681,0.4638390839099884,0.4718373119831085,-0.17659220099449158,0.4689832031726837,0.6872917413711548,-0.07862155884504318,0.452650785446167,0.6068400144577026,-0.13036885857582092,0.431914746761322,0.5159216523170471,-0.14446544647216797,0.4264979958534241,0.4946122169494629,-0.1518552005290985,0.42022383213043213,0.7251392602920532,-0.08635414391756058,0.39458566904067993,0.6388354301452637,-0.1402304470539093,0.38184526562690735,0.5502251386642456,-0.14336881041526794,0.375113844871521,0.5214674472808838,-0.13970376551151276,0.37221217155456543,0.7393690943717957,-0.09791899472475052,0.35013604164123535,0.6839481592178345,-0.14256541430950165,0.3440549373626709,0.6226399540901184,-0.14900827407836914,0.3409207761287689,0.5928943157196045,-0.14891161024570465,D
0.3665400743484497,0.6373071670532227,-5.708373578272585e-07,0.4155046343803406,0.520086407661438,-0.0549093633890152,0.46955811977386475,0.44302505254745483,-0.09182125329971313,0.4984363913536072,0.3709619343280792,-0.12348513305187225,0.5231615304946899,0.28921982645988464,-0.151619091629982,0.5057575702667236,0.6231851577758789,-0.09723249077796936,0.5102099776268005,0.5737534165382385,-0.16241517663002014,0.479679137468338,0.48936861753463745,-0.19645971059799194,0.45786768198013306,0.4582267999649048,-0.21512264013290405,0.468205064535141,0.6931188702583313,-0.09865118563175201,0.45259344577789307,0.6203272342681885,-0.1688995212316513,0.4277297556400299,0.51179039478302,-0.18888629972934723,0.4207432270050049,0.48592686653137207,-0.19745232164859772,0.42039188742637634,0.7318547964096069,-0.10692886263132095,0.393692284822464,0.6479225158691406,-0.17596542835235596,0.3782198429107666,0.5439848303794861,-0.18406079709529877,0.37120550870895386,0.5120033621788025,-0.18148279190063477,0.3739524185657501,0.7458634376525879,-0.11920605599880219,0.35140374302864075,0.6928927898406982,-0.17662519216537476,0.34392374753952026,0.6235119700431824,-0.19088049232959747,0.34126460552215576,0.5933334827423096,-0.19508132338523865,D
0.3684125244617462,0.6417782306671143,-5.757358962910075e-07,0.4224584698677063,0.5277137160301208,-0.052648913115262985,0.47586295008659363,0.453826367855072,-0.08680339902639389,0.49770206212997437,0.38276490569114685,-0.11701560020446777,0.5130040645599365,0.3041926920413971,-0.14409109950065613,0.507337749004364,0.6279503107070923,-0.08364959061145782,0.5099207758903503,0.5794067978858948,-0.14642073214054108,0.48216116428375244,0.48821792006492615,-0.17975455522537231,0.46176740527153015,0.45929306745529175,-0.19747239351272583,0.4679321348667145,0.6973947286605835,-0.08526812493801117,0.45578140020370483,0.6250259876251221,-0.15000948309898376,0.428409218788147,0.5093268156051636,-0.16566333174705505,0.42165398597717285,0.4918319582939148,-0.1701081246137619,0.4194500744342804,0.7345550060272217,-0.0947781428694725,0.3959912657737732,0.6553330421447754,-0.16002903878688812,0.3807857632637024,0.5469633340835571,-0.1640995442867279,0.3751937448978424,0.5221744775772095,-0.15761013329029083,0.3725399374961853,0.7484974265098572,-0.10857925564050674,0.3530091643333435,0.6963332891464233,-0.16004981100559235,0.34614044427871704,0.6209431886672974,-0.16899459064006805,0.3416352868080139,0.5912058353424072,-0.16902178525924683,D
0.3771402835845947,0.6547859311103821,-5.58982264919905e-07,0.4318772852420807,0.5409904718399048,-0.04995351657271385,0.48228368163108826,0.4634842276573181,-0.0813560038805008,0.500877857208252,0.38671034574508667,-0.10956085473299026,0.5111791491508484,0.3064259886741638,-0.1345110982656479,0.5105825662612915,0.6291624307632446,-0.07057006657123566,0.5081362724304199,0.5850511789321899,-0.12661726772785187,0.47874587774276733,0.49640578031539917,-0.1564931720495224,0.46018263697624207,0.4683384299278259,-0.17277784645557404,0.46773526072502136,0.6988479495048523,-0.07238110154867172,0.45448118448257446,0.6345269680023193,-0.13140197098255157,0.42710015177726746,0.5175327062606812,-0.14673840999603271,0.42254725098609924,0.4950527846813202,-0.15181465446949005,0.4188055396080017,0.7365771532058716,-0.08206313103437424,0.39679068326950073,0.6655739545822144,-0.14342252910137177,0.38067716360092163,0.5554925203323364,-0.14852876961231232,0.37468940019607544,0.5248116254806519,-0.143177792429924,0.37198200821876526,0.7528835535049438,-0.09576941281557083,0.3533019721508026,0.711505651473999,-0.14318926632404327,0.3453889787197113,0.6375798583030701,-0.1512313336133957,0.34061527252197266,0.6029894351959229,-0.1515098661184311,D
0.365176796913147,0.63760906457901,-5.927363986302225e-07,0.4236522912979126,0.5358401536941528,-0.04599333554506302,0.479511022567749,0.4678449332714081,-0.07415201514959335,0.5015655159950256,0.3940970301628113,-0.10038382560014725,0.5136309266090393,0.3148975372314453,-0.1233496442437172,0.5100464820861816,0.6331208348274231,-0.059562161564826965,0.5110302567481995,0.5937058329582214,-0.1158100962638855,0.47977688908576965,0.5028022527694702,-0.14662529528141022,0.46146905422210693,0.4734379053115845,-0.16326084733009338,0.46942538022994995,0.7022349834442139,-0.06314142048358917,0.4569012522697449,0.6384019255638123,-0.12226627767086029,0.427513062953949,0.5209614038467407,-0.13746467232704163,0.4242047369480133,0.5015502572059631,-0.14114703238010406,0.4203680753707886,0.7401256561279297,-0.07505403459072113,0.39809298515319824,0.6675265431404114,-0.1352333128452301,0.37978631258010864,0.5578381419181824,-0.13760560750961304,0.37710580229759216,0.5314684510231018,-0.1296468824148178,0.37356671690940857,0.7548531889915466,-0.09106618165969849,0.35378241539001465,0.7103525400161743,-0.13565538823604584,0.3448908030986786,0.6331353783607483,-0.14020708203315735,0.34162160754203796,0.6011340618133545,-0.1373739242553711,D
0.3673654794692993,0.6456223130226135,-5.809788490296341e-07,0.4254981577396393,0.5401248931884766,-0.049986597150564194,0.47842538356781006,0.4704575538635254,-0.08202262222766876,0.49998462200164795,0.394365131855011,-0.11121459305286407,0.5144521594047546,0.31583455204963684,-0.13634830713272095,0.5114930868148804,0.6357113122940063,-0.06729766726493835,0.509300947189331,0.5925409197807312,-0.12336698174476624,0.4762289822101593,0.49835580587387085,-0.1512928605079651,0.45885220170021057,0.474109023809433,-0.16635854542255402,0.4690691828727722,0.7044843435287476,-0.0698002427816391,0.4564749598503113,0.6405828595161438,-0.13024434447288513,0.4247279167175293,0.5173693299293518,-0.14330275356769562,0.42105215787887573,0.5014070272445679,-0.14568468928337097,0.41970208287239075,0.740780234336853,-0.08077697455883026,0.39855441451072693,0.6698334217071533,-0.14264564216136932,0.3800976872444153,0.5539694428443909,-0.14314912259578705,0.376884788274765,0.5282473564147949,-0.1340782195329666,0.373455286026001,0.7550990581512451,-0.0960894450545311,0.3545747399330139,0.7156656980514526,-0.14190886914730072,0.345831036567688,0.6368009448051453,-0.14632101356983185,0.3427886366844177,0.6039900183677673,-0.14363938570022583,D
0.3624890446662903,0.640033483505249,-5.408609240475926e-07,0.4180904030799866,0.5302005410194397,-0.048566579818725586,0.4738902449607849,0.4607756435871124,-0.07976416498422623,0.4982376992702484,0.38885581493377686,-0.10775690525770187,0.514114260673523,0.3089306354522705,-0.13237109780311584,0.5077038407325745,0.6308649778366089,-0.07389894872903824,0.5090780854225159,0.5833049416542053,-0.13157501816749573,0.47983354330062866,0.5031739473342896,-0.1622614562511444,0.4611821472644806,0.4806784689426422,-0.17885391414165497,0.46843329071998596,0.700410783290863,-0.07645460963249207,0.4533753991127014,0.6265419721603394,-0.13734130561351776,0.42856913805007935,0.5199931263923645,-0.1531696617603302,0.4245764911174774,0.503078043460846,-0.15841053426265717,0.4192522466182709,0.7384271621704102,-0.08649662137031555,0.3973539471626282,0.6610748767852783,-0.1486213058233261,0.3813624083995819,0.5567192435264587,-0.15226836502552032,0.37528088688850403,0.5271175503730774,-0.14583337306976318,0.3718653917312622,0.7522096633911133,-0.10054772347211838,0.35440975427627563,0.7099074125289917,-0.14921021461486816,0.3468509912490845,0.6391606330871582,-0.1565096080303192,0.34192198514938354,0.6061302423477173,-0.15553653240203857,D
0.3718365430831909,0.643369734287262,-5.121796675666701e-07,0.4285685420036316,0.5394684076309204,-0.049671195447444916,0.4789525866508484,0.46700164675712585,-0.08239755034446716,0.4983366131782532,0.3926018178462982,-0.11150656640529633,0.5087598562240601,0.3109641969203949,-0.1372995227575302,0.5100656747817993,0.6338000893592834,-0.0778195783495903,0.5110765695571899,0.5795013308525085,-0.13604755699634552,0.48334935307502747,0.49652382731437683,-0.16638043522834778,0.46060654520988464,0.46945443749427795,-0.18201230466365814,0.4713023900985718,0.7034302353858948,-0.07929231226444244,0.45409825444221497,0.6185867786407471,-0.13963128626346588,0.4295026957988739,0.515286386013031,-0.15305590629577637,0.42402058839797974,0.4978434443473816,-0.15598823130130768,0.4227595627307892,0.740512490272522,-0.08823832869529724,0.3955113887786865,0.6481466293334961,-0.14840085804462433,0.3812592625617981,0.5510460734367371,-0.15015412867069244,0.37676361203193665,0.5248125195503235,-0.14240975677967072,0.3759717047214508,0.7517346143722534,-0.10151451081037521,0.3509483337402344,0.693120539188385,-0.14929518103599548,0.3458075523376465,0.6274033784866333,-0.1566578894853592,0.3444787859916687,0.5999042391777039,-0.15541797876358032,D
0.3802376389503479,0.6569041609764099,-5.43389433005359e-07,0.43237268924713135,0.5447055697441101,-0.05141478404402733,0.48083609342575073,0.4697561264038086,-0.08709913492202759,0.49996647238731384,0.3932225704193115,-0.1193411573767662,0.5072875618934631,0.302613765001297,-0.1475914865732193,0.5122753381729126,0.6260104179382324,-0.08459752798080444,0.5064958333969116,0.5779423117637634,-0.14232352375984192,0.4767790734767914,0.49488765001296997,-0.16591176390647888,0.45989760756492615,0.4679623246192932,-0.1772792488336563,0.4729926884174347,0.6971412301063538,-0.08729662746191025,0.45273855328559875,0.6238118410110474,-0.1512942910194397,0.42117083072662354,0.5052961707115173,-0.1608426868915558,0.42057695984840393,0.48926830291748047,-0.16048121452331543,0.42614251375198364,0.740485668182373,-0.09730499982833862,0.3996577262878418,0.6616473197937012,-0.16134105622768402,0.38064247369766235,0.5485201478004456,-0.15849393606185913,0.3787631094455719,0.5222912430763245,-0.1473066806793213,0.3816455006599426,0.7620739936828613,-0.11179494857788086,0.3602585196495056,0.7232015132904053,-0.15956664085388184,0.35113826394081116,0.6466522216796875,-0.1635562628507614,0.3486998975276947,0.615331768989563,-0.16072048246860504,D
0.3791031837463379,0.6624307632446289,-5.691982778444071e-07,0.4279969036579132,0.5405755043029785,-0.04886980354785919,0.47910696268081665,0.46401065587997437,-0.08238963037729263,0.5008955597877502,0.390968918800354,-0.11195439100265503,0.5072429180145264,0.2986225485801697,-0.1379772275686264,0.5168027281761169,0.6250283122062683,-0.08685614168643951,0.5086145997047424,0.5602102875709534,-0.14126498997211456,0.47046345472335815,0.4802016317844391,-0.16426068544387817,0.4535219371318817,0.4662519097328186,-0.17688903212547302,0.4779282212257385,0.6975746154785156,-0.09022427350282669,0.4582604467868805,0.6160243153572083,-0.14987537264823914,0.42368292808532715,0.5038200616836548,-0.15847474336624146,0.41903042793273926,0.49343347549438477,-0.1596158742904663,0.4295581877231598,0.7422126531600952,-0.09991074353456497,0.4036182463169098,0.6584663987159729,-0.1587803214788437,0.3815650939941406,0.5458114743232727,-0.15451157093048096,0.3759734034538269,0.5215561389923096,-0.14449940621852875,0.3824121952056885,0.7652773857116699,-0.11389479041099548,0.3633272051811218,0.7233575582504272,-0.15931907296180725,0.3536107838153839,0.6446808576583862,-0.1625583916902542,0.3498696982860565,0.6134582161903381,-0.16021253168582916,D
0.38235580921173096,0.6765962839126587,-7.169954869823414e-07,0.4232870042324066,0.5587705969810486,-0.03868313878774643,0.46464717388153076,0.4738578796386719,-0.06552460044622421,0.49125558137893677,0.39380937814712524,-0.08998649567365646,0.5102845430374146,0.3055131137371063,-0.1109636202454567,0.5228481292724609,0.6282336711883545,-0.059239838272333145,0.5092438459396362,0.5455726981163025,-0.10401415079832077,0.46910902857780457,0.4831865429878235,-0.12574169039726257,0.45039603114128113,0.46632617712020874,-0.1369258016347885,0.4935632348060608,0.7118034958839417,-0.06236144155263901,0.4639187753200531,0.6020141839981079,-0.10655529797077179,0.4232766330242157,0.5135208368301392,-0.11480366438627243,0.4144267141819,0.49865758419036865,-0.11675935983657837,0.4505893886089325,0.7696154117584229,-0.07079321891069412,0.4151042699813843,0.6646662950515747,-0.11750878393650055,0.3849343955516815,0.5686546564102173,-0.11128763109445572,0.3768971562385559,0.5370534062385559,-0.1003926619887352,0.40535277128219604,0.805199921131134,-0.08274070918560028,0.3776240944862366,0.7528421878814697,-0.11714276671409607,0.3628770709037781,0.6835557818412781,-0.11460632085800171,0.3588133454322815,0.6473265290260315,-0.10760584473609924,D
0.36361217498779297,0.6977736353874207,-7.284567686838272e-07,0.4092975854873657,0.5716930031776428,-0.036066386848688126,0.4556104242801666,0.4811604619026184,-0.06092602014541626,0.488025039434433,0.4023903012275696,-0.08388757705688477,0.506382405757904,0.3194359838962555,-0.10368650406599045,0.5258715152740479,0.6371642351150513,-0.04836766794323921,0.5068257451057434,0.5468765497207642,-0.08836056292057037,0.46743759512901306,0.49149441719055176,-0.11039739102125168,0.45255976915359497,0.47578710317611694,-0.12264973670244217,0.49967798590660095,0.7196214199066162,-0.05075545981526375,0.46485671401023865,0.6030021905899048,-0.08944917470216751,0.42582133412361145,0.5249687433242798,-0.09987372905015945,0.41752588748931885,0.5101582407951355,-0.10471442341804504,0.4585060179233551,0.7792900800704956,-0.05821980535984039,0.4194929301738739,0.6663153171539307,-0.10058970749378204,0.38965243101119995,0.5789617300033569,-0.09907222539186478,0.380593478679657,0.5460612773895264,-0.0920812338590622,0.4134310185909271,0.8198481202125549,-0.06895232945680618,0.39040976762771606,0.7616802453994751,-0.09844084084033966,0.37336257100105286,0.6940330862998962,-0.09668698906898499,0.36507275700569153,0.6514146327972412,-0.09092339873313904,D
0.37882810831069946,0.7315592765808105,-7.085458832989389e-07,0.426624596118927,0.5976113677024841,-0.029956741258502007,0.4692149758338928,0.5013560652732849,-0.05268467962741852,0.4904385209083557,0.41724157333374023,-0.07466237246990204,0.5007227659225464,0.3320927619934082,-0.09435698390007019,0.5309605002403259,0.6549763679504395,-0.0446646623313427,0.510310173034668,0.5522302985191345,-0.08528055995702744,0.46682828664779663,0.49412041902542114,-0.10840240120887756,0.44617635011672974,0.4795222282409668,-0.12134720385074615,0.5051172375679016,0.7367166876792908,-0.04992358759045601,0.4713982045650482,0.6080431938171387,-0.08744322508573532,0.4292502701282501,0.5296885371208191,-0.09787095338106155,0.41680264472961426,0.5116727948188782,-0.10363475978374481,0.4653996229171753,0.7949756383895874,-0.05991566553711891,0.42368313670158386,0.6665235161781311,-0.10011675208806992,0.3914092779159546,0.5820431113243103,-0.09924928098917007,0.3827172517776489,0.5511519908905029,-0.09428711980581284,0.4220905601978302,0.8317865133285522,-0.07272757589817047,0.38906484842300415,0.7566938400268555,-0.10100938379764557,0.3704845905303955,0.6925238370895386,-0.10064049810171127,0.3637184500694275,0.6561219692230225,-0.09721516817808151,D
0.36736640334129333,0.7546271681785583,-6.873949587316019e-07,0.41866910457611084,0.6038740873336792,-0.03055829554796219,0.46468669176101685,0.5037847757339478,-0.052973147481679916,0.48748481273651123,0.4205017685890198,-0.07421530783176422,0.49624019861221313,0.3358238935470581,-0.09285228699445724,0.5302715301513672,0.6634789705276489,-0.04215238615870476,0.5102501511573792,0.5501165390014648,-0.08355854451656342,0.4657507836818695,0.4958702325820923,-0.10775207728147507,0.446218878030777,0.4889604449272156,-0.12186010926961899,0.5067143440246582,0.7443717122077942,-0.0479290708899498,0.47373998165130615,0.6055138111114502,-0.08647754043340683,0.4300351142883301,0.5337508320808411,-0.09736791998147964,0.4203750789165497,0.5253435969352722,-0.10325076431035995,0.4679492712020874,0.8011718988418579,-0.05898285284638405,0.42334288358688354,0.6593376994132996,-0.09827620536088943,0.3920673131942749,0.579889178276062,-0.09674564749002457,0.38945308327674866,0.5597890615463257,-0.09181104600429535,0.4246022701263428,0.8345515727996826,-0.07321970164775848,0.3881708085536957,0.7342883944511414,-0.10032086074352264,0.36832502484321594,0.6699277758598328,-0.09933839738368988,0.3642984926700592,0.642981767654419,-0.09569518268108368,D
0.39786985516548157,0.739724338054657,-7.082693969095999e-07,0.44159895181655884,0.6150479912757874,-0.03529347479343414,0.476449191570282,0.5244569182395935,-0.05949987843632698,0.4900367259979248,0.4347204566001892,-0.08079403638839722,0.49422866106033325,0.3487622141838074,-0.10037413984537125,0.5330290794372559,0.6849150657653809,-0.05563259869813919,0.5083855986595154,0.5824774503707886,-0.09327244013547897,0.468136191368103,0.5173625946044922,-0.11369986087083817,0.4467068016529083,0.49568039178848267,-0.12548920512199402,0.5041800737380981,0.765971302986145,-0.05772515758872032,0.46417105197906494,0.6406024694442749,-0.09428384155035019,0.4288976788520813,0.5543844103813171,-0.10589589923620224,0.41594547033309937,0.5212161540985107,-0.1133623868227005,0.4627936780452728,0.820292055606842,-0.06372126191854477,0.4164915084838867,0.6975562572479248,-0.1042587012052536,0.39069604873657227,0.6086301207542419,-0.10634727776050568,0.38206610083580017,0.5653075575828552,-0.10381852835416794,0.4194079637527466,0.8513139486312866,-0.07240134477615356,0.3818916380405426,0.7721740007400513,-0.10506513714790344,0.3688265085220337,0.7101831436157227,-0.108028344810009,0.36678916215896606,0.6695838570594788,-0.10668320953845978,D
0.4015367925167084,0.7239079475402832,-7.642818218300818e-07,0.43633145093917847,0.6199033856391907,-0.044552020728588104,0.4713975787162781,0.5361138582229614,-0.07778534293174744,0.4869003891944885,0.45205897092819214,-0.10752977430820465,0.4919552505016327,0.3648500442504883,-0.13484475016593933,0.5273991227149963,0.6933146715164185,-0.07750773429870605,0.5166097283363342,0.6158020496368408,-0.12572091817855835,0.47885167598724365,0.5434222221374512,-0.14996202290058136,0.45570647716522217,0.5077255964279175,-0.1620502769947052,0.49824029207229614,0.7779768705368042,-0.07847513258457184,0.46091699600219727,0.661602258682251,-0.1277303695678711,0.4266830384731293,0.5684617757797241,-0.1415083408355713,0.41365423798561096,0.532649576663971,-0.1472426801919937,0.4546186923980713,0.8348885774612427,-0.08365607261657715,0.416358083486557,0.7250607013702393,-0.13670553267002106,0.38948145508766174,0.6289132237434387,-0.1390225738286972,0.37655109167099,0.5758544206619263,-0.13241644203662872,0.41011345386505127,0.8693916201591492,-0.09185037016868591,0.38617682456970215,0.8185778260231018,-0.1321323812007904,0.3727078139781952,0.7552182674407959,-0.13470619916915894,0.367309033870697,0.7070006728172302,-0.13045912981033325,D
0.39971449971199036,0.7305505871772766,-7.404015036627243e-07,0.43509161472320557,0.6184412837028503,-0.04766974598169327,0.47392189502716064,0.5365158319473267,-0.08041559159755707,0.49092018604278564,0.45407533645629883,-0.10916244983673096,0.49531614780426025,0.3669833540916443,-0.13450887799263,0.5277829766273499,0.6955674290657043,-0.07771481573581696,0.5154841542243958,0.6195324659347534,-0.12529440224170685,0.4753618538379669,0.5477054715156555,-0.14572401344776154,0.4571530520915985,0.5221472978591919,-0.1553710699081421,0.497183233499527,0.7792571783065796,-0.07747453451156616,0.4617811143398285,0.6660202145576477,-0.1281006783246994,0.42504221200942993,0.57130366563797,-0.13910986483097076,0.41773828864097595,0.549480140209198,-0.1420307159423828,0.4534177780151367,0.8357763290405273,-0.08214862644672394,0.41554516553878784,0.7271530032157898,-0.13663485646247864,0.387869268655777,0.6313256025314331,-0.13603618741035461,0.3799625039100647,0.5935670733451843,-0.12681937217712402,0.4098324477672577,0.8718683123588562,-0.09036402404308319,0.38716936111450195,0.8265314102172852,-0.13075734674930573,0.3745150864124298,0.7607244849205017,-0.1320963203907013,0.37091323733329773,0.7180582284927368,-0.12676449120044708,D
0.3961438536643982,0.7207790017127991,-7.897892828623299e-07,0.4331868886947632,0.6220190525054932,-0.04344633221626282,0.47369226813316345,0.5432841777801514,-0.07419447600841522,0.4908269941806793,0.45600277185440063,-0.10170222073793411,0.4951796531677246,0.3671068847179413,-0.1263306885957718,0.5290011167526245,0.6995614767074585,-0.0713854432106018,0.5184621810913086,0.6193407773971558,-0.1180669441819191,0.4774665832519531,0.5475962162017822,-0.13992075622081757,0.45628923177719116,0.520098090171814,-0.15016533434391022,0.4987347722053528,0.782516598701477,-0.0724235475063324,0.46350038051605225,0.6672788858413696,-0.12014161795377731,0.42610952258110046,0.572955846786499,-0.13126157224178314,0.4153826832771301,0.5459374785423279,-0.1342443823814392,0.453874796628952,0.838557243347168,-0.07804474234580994,0.4159667491912842,0.7265428304672241,-0.1302410364151001,0.3878272473812103,0.6299937963485718,-0.13015392422676086,0.3788815438747406,0.58756422996521,-0.12129123508930206,0.40865445137023926,0.87299644947052,-0.08666903525590897,0.38530367612838745,0.8214495182037354,-0.12497172504663467,0.3718832731246948,0.7551632523536682,-0.12509873509407043,0.36816537380218506,0.71158766746521,-0.11876752972602844,D
0.4077157974243164,0.735572874546051,-7.466015290447103e-07,0.4454735219478607,0.6430786848068237,-0.04019484668970108,0.4805615544319153,0.5589572787284851,-0.06981387734413147,0.4926242232322693,0.4694661498069763,-0.09730854630470276,0.4952285885810852,0.3879391551017761,-0.12302040308713913,0.5286796689033508,0.7065938711166382,-0.065053790807724,0.5175203084945679,0.6361210346221924,-0.11131735146045685,0.48287278413772583,0.5676496028900146,-0.13774877786636353,0.46269842982292175,0.5375075340270996,-0.15186284482479095,0.4976390600204468,0.7896859645843506,-0.06693235039710999,0.46034058928489685,0.6793019771575928,-0.1106058731675148,0.4289197027683258,0.5894259214401245,-0.12479537725448608,0.4199037551879883,0.5609471201896667,-0.13177254796028137,0.4531833529472351,0.8443433046340942,-0.0731329619884491,0.4120251536369324,0.7355365753173828,-0.12014098465442657,0.3878932595252991,0.6441505551338196,-0.12238854914903641,0.3789840042591095,0.6004117727279663,-0.11699207127094269,0.40916597843170166,0.8745903968811035,-0.0825023353099823,0.3771483898162842,0.8035743832588196,-0.11609426885843277,0.36489352583885193,0.7346944212913513,-0.1162966638803482,0.36071455478668213,0.6880655288696289,-0.11143394559621811,D
0.4174642264842987,0.7380894422531128,-6.732304314027715e-07,0.4570472538471222,0.6556408405303955,-0.045972567051649094,0.49063289165496826,0.5736762285232544,-0.0755719244480133,0.49797630310058594,0.4764724373817444,-0.10291995853185654,0.4967006742954254,0.3940991163253784,-0.12733285129070282,0.5264801979064941,0.7104703783988953,-0.05671997740864754,0.5070787072181702,0.6586894392967224,-0.10614211112260818,0.4674881398677826,0.5752310156822205,-0.13283289968967438,0.4552268385887146,0.5541071891784668,-0.14734889566898346,0.48433324694633484,0.7884050011634827,-0.05779954046010971,0.4492674469947815,0.7115731239318848,-0.10744164139032364,0.4159080982208252,0.604271650314331,-0.11956483870744705,0.41615188121795654,0.5833001136779785,-0.1231570839881897,0.4364732801914215,0.8351412415504456,-0.06615176051855087,0.39632779359817505,0.750262975692749,-0.11863148957490921,0.372971773147583,0.648556649684906,-0.1184735894203186,0.3729655146598816,0.617942214012146,-0.10974965244531631,0.3945009112358093,0.860745370388031,-0.07852005958557129,0.3601396679878235,0.8070305585861206,-0.11259562522172928,0.34918922185897827,0.7387175559997559,-0.11149746179580688,0.3508549928665161,0.7049874663352966,-0.10607478767633438,D
0.41407912969589233,0.7375593185424805,-2.0309144588281924e-07,0.4630422294139862,0.6512758135795593,-0.04804063215851784,0.49427109956741333,0.5665283203125,-0.0824558287858963,0.5057268738746643,0.4670514762401581,-0.11317423731088638,0.5073174834251404,0.37942010164260864,-0.14253468811511993,0.515636146068573,0.6897841095924377,-0.07299408316612244,0.5007251501083374,0.6269354820251465,-0.12106232345104218,0.48263972997665405,0.5889801979064941,-0.1513155847787857,0.4734761118888855,0.5816749334335327,-0.1689830720424652,0.4733765423297882,0.7542396187782288,-0.07171580940485,0.4347911775112152,0.6588286757469177,-0.11767346411943436,0.4247143268585205,0.6207950115203857,-0.1332000344991684,0.43414953351020813,0.6252817511558533,-0.14297033846378326,0.42596113681793213,0.7943075895309448,-0.07596324384212494,0.38696491718292236,0.6996259093284607,-0.12280409038066864,0.38046783208847046,0.6516967415809631,-0.12445401400327682,0.3848585784435272,0.639056921005249,-0.12016750127077103,0.3835969567298889,0.8146044611930847,-0.08470376580953598,0.3525131344795227,0.7633137106895447,-0.11824407428503036,0.35452035069465637,0.7474837303161621,-0.12015028297901154,0.3638731837272644,0.7475108504295349,-0.11800217628479004,D
0.39779132604599,0.7192019820213318,-1.3993746961205034e-07,0.44715985655784607,0.6302247047424316,-0.04039039462804794,0.48492881655693054,0.553096354007721,-0.07269205152988434,0.5030478239059448,0.46810847520828247,-0.1005328968167305,0.5139249563217163,0.38554200530052185,-0.1269085705280304,0.5037623643875122,0.676183819770813,-0.08620382845401764,0.5013273358345032,0.6181118488311768,-0.13147439062595367,0.48218047618865967,0.5869047045707703,-0.15554361045360565,0.46701499819755554,0.5769771337509155,-0.16864921152591705,0.46390610933303833,0.7423515319824219,-0.08837161958217621,0.4490055441856384,0.6718378067016602,-0.13354739546775818,0.4389762878417969,0.6298689842224121,-0.1442892998456955,0.4312901794910431,0.6152151823043823,-0.15023738145828247,0.4182310104370117,0.7876507043838501,-0.09348056465387344,0.392845094203949,0.71030592918396,-0.13847601413726807,0.3858706057071686,0.6529949903488159,-0.13655489683151245,0.3788590431213379,0.6214861273765564,-0.1303243488073349,0.3749982714653015,0.8096686601638794,-0.10161031037569046,0.3561457395553589,0.7825464010238647,-0.13539797067642212,0.3577723801136017,0.7628229856491089,-0.1353210061788559,0.3595713973045349,0.7526949644088745,-0.1315239667892456,D
0.41160717606544495,0.7206678986549377,-4.987822421753663e-07,0.4579426944255829,0.622767984867096,-0.044334955513477325,0.49413591623306274,0.5432814359664917,-0.07380750775337219,0.507950484752655,0.4566636085510254,-0.10080169886350632,0.5195938348770142,0.3709329068660736,-0.12525765597820282,0.5152895450592041,0.6913792490959167,-0.06279269605875015,0.5025956630706787,0.6270488500595093,-0.11098328232765198,0.4741714894771576,0.5466244220733643,-0.13794612884521484,0.46020978689193726,0.5286173820495605,-0.1533152461051941,0.4704710841178894,0.75556480884552,-0.06508832424879074,0.44670355319976807,0.6767174005508423,-0.11517670750617981,0.42444729804992676,0.5744855403900146,-0.127829909324646,0.4249112010002136,0.5599517822265625,-0.13281036913394928,0.4222923517227173,0.7916150093078613,-0.07392645627260208,0.3944833278656006,0.712756872177124,-0.12554846704006195,0.38009247183799744,0.6145671010017395,-0.12449900060892105,0.3770846724510193,0.5859739184379578,-0.11642401665449142,0.3787321448326111,0.8074058294296265,-0.08676370233297348,0.35410749912261963,0.7687948346138,-0.12462794780731201,0.3502371311187744,0.7110553979873657,-0.12557516992092133,0.35132449865341187,0.6845876574516296,-0.1216280609369278,D
0.38576287031173706,0.7136742472648621,-4.54528304771884e-07,0.4451272487640381,0.6163204908370972,-0.04293888062238693,0.49053964018821716,0.5383026599884033,-0.06980295479297638,0.510542094707489,0.451463520526886,-0.09402642399072647,0.5179005861282349,0.3718150556087494,-0.11617055535316467,0.5127624869346619,0.7064700126647949,-0.05644356086850166,0.5019913911819458,0.6282053589820862,-0.10049936175346375,0.4782870411872864,0.5613228678703308,-0.12795978784561157,0.46108758449554443,0.5470407009124756,-0.14435581862926483,0.46882164478302,0.7755917310714722,-0.0573105588555336,0.44085967540740967,0.6632177829742432,-0.10035324841737747,0.42649176716804504,0.5890297293663025,-0.11437713354825974,0.4270835220813751,0.5851349830627441,-0.12260829657316208,0.4178222119808197,0.8117102384567261,-0.06447120010852814,0.3870369493961334,0.6993747353553772,-0.1096835806965828,0.37752342224121094,0.6224688291549683,-0.11067978292703629,0.3753435015678406,0.6057712435722351,-0.10580319911241531,0.3698391616344452,0.824758768081665,-0.07585947960615158,0.34616541862487793,0.7572019100189209,-0.11006765067577362,0.3435668349266052,0.7021808624267578,-0.1115160807967186,0.34372684359550476,0.6794237494468689,-0.10856525599956512,D
0.3749381899833679,0.6987175941467285,-6.987006031522469e-07,0.4315783381462097,0.6160603165626526,-0.040588852018117905,0.4815116226673126,0.5530186891555786,-0.06651540100574493,0.5066251754760742,0.4764336049556732,-0.09122306108474731,0.5234226584434509,0.3994039297103882,-0.11233577132225037,0.5084341168403625,0.713843047618866,-0.04729548469185829,0.4982829988002777,0.672272801399231,-0.0906151831150055,0.4728698432445526,0.5824659466743469,-0.11299952119588852,0.46089619398117065,0.5580988526344299,-0.1257849633693695,0.4647548794746399,0.7862098813056946,-0.04986240714788437,0.4421345889568329,0.7087636590003967,-0.0955171138048172,0.4205930233001709,0.5918272733688354,-0.104620061814785,0.4197908937931061,0.576324462890625,-0.10638381540775299,0.41562220454216003,0.8224952220916748,-0.05959807708859444,0.39199888706207275,0.7369109988212585,-0.10757594555616379,0.3780369758605957,0.6303132176399231,-0.10413770377635956,0.3740188479423523,0.6050479412078857,-0.09423309564590454,0.3701344430446625,0.8392075300216675,-0.07338925451040268,0.3505186140537262,0.8012374639511108,-0.10743261873722076,0.3467431962490082,0.7295099496841431,-0.10664305090904236,0.3453304171562195,0.6945057511329651,-0.10125108808279037,D
0.3942211866378784,0.7305317521095276,-5.486197665049986e-07,0.4446152448654175,0.6411152482032776,-0.04487008601427078,0.4877622127532959,0.5644587874412537,-0.07427170872688293,0.5068250894546509,0.4720808267593384,-0.10096516460180283,0.519435703754425,0.3856125473976135,-0.12340978533029556,0.508251428604126,0.7024542689323425,-0.06036173179745674,0.49863505363464355,0.6682261824607849,-0.10615215450525284,0.47418394684791565,0.5876137018203735,-0.12641513347625732,0.4630020558834076,0.5726203322410583,-0.137266606092453,0.46163299679756165,0.7698708772659302,-0.06108570843935013,0.44021424651145935,0.7038079500198364,-0.11041665077209473,0.42184531688690186,0.5963305830955505,-0.11745046079158783,0.42608675360679626,0.5914201140403748,-0.11788555234670639,0.41327574849128723,0.806721031665802,-0.06907004117965698,0.39065834879875183,0.7277745604515076,-0.1206570640206337,0.37879300117492676,0.6303567886352539,-0.11722627282142639,0.3770991563796997,0.61320960521698,-0.10744526237249374,0.37067070603370667,0.8289660811424255,-0.08118727803230286,0.35020923614501953,0.8002443313598633,-0.11922767758369446,0.34682318568229675,0.7390652298927307,-0.12137255072593689,0.3457326292991638,0.7089390158653259,-0.1185750812292099,D
0.39859867095947266,0.7305344939231873,-2.629272728427168e-07,0.4495730698108673,0.6361934542655945,-0.042215216904878616,0.4885440766811371,0.5556907057762146,-0.07308514416217804,0.5105145573616028,0.4670522212982178,-0.10119687765836716,0.530093789100647,0.38435205817222595,-0.12742847204208374,0.49640393257141113,0.6819115281105042,-0.06598913669586182,0.49347013235092163,0.6422044038772583,-0.10828698426485062,0.47759437561035156,0.5934757590293884,-0.1331964135169983,0.4692806005477905,0.5773031115531921,-0.14848317205905914,0.45118317008018494,0.7414976954460144,-0.06786203384399414,0.4370705187320709,0.6869731545448303,-0.11085594445466995,0.42579588294029236,0.6191534996032715,-0.12261176854372025,0.42946696281433105,0.6062220931053162,-0.12984617054462433,0.40446314215660095,0.7771560549736023,-0.07490609586238861,0.3882860541343689,0.720538318157196,-0.11977916210889816,0.3793952763080597,0.6483787298202515,-0.11930632591247559,0.37667280435562134,0.618583083152771,-0.11462315917015076,0.3610791563987732,0.7949843406677246,-0.08555301278829575,0.3414233922958374,0.7762446403503418,-0.11984767764806747,0.3407260775566101,0.741554319858551,-0.1215069591999054,0.344296932220459,0.7206483483314514,-0.11996971070766449,D
0.380794495344162,0.7034711837768555,-4.1042881093744654e-07,0.42769506573677063,0.6056955456733704,-0.04680166393518448,0.4734855890274048,0.5333954691886902,-0.07914883643388748,0.5021474957466125,0.45914986729621887,-0.10555115342140198,0.5328177809715271,0.3860680162906647,-0.12986278533935547,0.4935300350189209,0.6898878216743469,-0.09485076367855072,0.49661320447921753,0.6353008151054382,-0.14214718341827393,0.4696371853351593,0.5674121379852295,-0.16429735720157623,0.4544253945350647,0.5427332520484924,-0.17836295068264008,0.4544316232204437,0.7478740215301514,-0.09637676179409027,0.44978171586990356,0.7003846168518066,-0.15004217624664307,0.4270092248916626,0.6021349430084229,-0.16356606781482697,0.4132116436958313,0.5660210847854614,-0.17161506414413452,0.4081290066242218,0.7831151485443115,-0.10142618417739868,0.39642131328582764,0.7428138256072998,-0.15450520813465118,0.38271981477737427,0.6476292014122009,-0.1590995043516159,0.3696361780166626,0.6048135161399841,-0.15840113162994385,0.3607116639614105,0.8007754683494568,-0.10922606289386749,0.34366267919540405,0.783606767654419,-0.1551591157913208,0.34010049700737,0.7348663806915283,-0.16576868295669556,0.33905285596847534,0.7099454402923584,-0.1700628101825714,D
0.34522107243537903,0.6840488910675049,-4.096384884633153e-07,0.4079701602458954,0.5929451584815979,-0.04539036750793457,0.46491557359695435,0.5276719927787781,-0.0752096027135849,0.4978379011154175,0.45829838514328003,-0.10141825675964355,0.5206058621406555,0.38513636589050293,-0.12551185488700867,0.48907336592674255,0.6898142695426941,-0.07079315930604935,0.4999573528766632,0.6381604075431824,-0.12288080155849457,0.47796159982681274,0.580331027507782,-0.1533011943101883,0.45782020688056946,0.557788610458374,-0.1700599044561386,0.4487578868865967,0.7533118724822998,-0.07185453176498413,0.44481945037841797,0.6798540949821472,-0.12487976253032684,0.42667752504348755,0.5967292785644531,-0.13966034352779388,0.4164983332157135,0.5719146132469177,-0.1456611156463623,0.399526983499527,0.7856411337852478,-0.07912398129701614,0.38939088582992554,0.6981159448623657,-0.13154782354831696,0.3757905960083008,0.6111676692962646,-0.13357676565647125,0.36542201042175293,0.5783519744873047,-0.12804380059242249,0.3513409495353699,0.7917248010635376,-0.09009517729282379,0.33745813369750977,0.7280024290084839,-0.13055802881717682,0.33405712246894836,0.6689152717590332,-0.13529598712921143,0.3325149416923523,0.6438767313957214,-0.13355813920497894,D
0.3622893691062927,0.6932149529457092,-4.922299581266998e-07,0.42424002289772034,0.5987322926521301,-0.0460667759180069,0.47547903656959534,0.5291988849639893,-0.07540307193994522,0.5042142271995544,0.45452672243118286,-0.10215327143669128,0.5234058499336243,0.37583696842193604,-0.12649697065353394,0.49566295742988586,0.68892902135849,-0.059612881392240524,0.4965551197528839,0.6355686783790588,-0.11004791408777237,0.4759605824947357,0.5591188073158264,-0.13943791389465332,0.46019822359085083,0.5406683683395386,-0.15586742758750916,0.45065784454345703,0.7454239130020142,-0.06095648556947708,0.444043904542923,0.6824605464935303,-0.1131463274359703,0.4239934980869293,0.5736130475997925,-0.12630070745944977,0.4175165891647339,0.5561714172363281,-0.13024282455444336,0.40058329701423645,0.7714030146598816,-0.06972067058086395,0.3858397603034973,0.7051680088043213,-0.12454070895910263,0.3757612407207489,0.598327100276947,-0.1268019676208496,0.3691352903842926,0.570224940776825,-0.11977152526378632,0.3532056510448456,0.7752817869186401,-0.0823901891708374,0.338040292263031,0.7315012216567993,-0.12283366173505783,0.3366290032863617,0.6606800556182861,-0.1271170824766159,0.3345901370048523,0.631087601184845,-0.12504339218139648,D
0.3833653926849365,0.7008694410324097,-4.919727984997735e-07,0.43232038617134094,0.6066458821296692,-0.04374314844608307,0.4781882166862488,0.5322081446647644,-0.0710701271891594,0.5038185119628906,0.45613598823547363,-0.09536314010620117,0.5277069807052612,0.37993958592414856,-0.11678586900234222,0.49744829535484314,0.6805110573768616,-0.06335990875959396,0.494370698928833,0.6420434713363647,-0.10989674925804138,0.47092965245246887,0.5699473023414612,-0.13440077006816864,0.4589098393917084,0.5492204427719116,-0.14822180569171906,0.45463940501213074,0.7452197670936584,-0.06504106521606445,0.44411444664001465,0.6940773725509644,-0.1138247549533844,0.4229329824447632,0.5927861332893372,-0.12537841498851776,0.4216083884239197,0.5737138986587524,-0.12967395782470703,0.40705257654190063,0.7812044620513916,-0.07299189269542694,0.3873925805091858,0.728147566318512,-0.12456712871789932,0.37495824694633484,0.6248329281806946,-0.1260221004486084,0.37012118101119995,0.5904828310012817,-0.12001132220029831,0.36257338523864746,0.7953764796257019,-0.08440759778022766,0.3421763479709625,0.7632736563682556,-0.12348459661006927,0.33841127157211304,0.6975719928741455,-0.12776869535446167,0.33837777376174927,0.665520191192627,-0.1266493797302246,D
0.374249130487442,0.6948732137680054,-5.913800009693659e-07,0.4285527169704437,0.6061958074569702,-0.0419057160615921,0.47614482045173645,0.5397241115570068,-0.06779393553733826,0.5017132759094238,0.46384844183921814,-0.09166589379310608,0.5200054049491882,0.385553777217865,-0.11280565708875656,0.5011849999427795,0.7007907032966614,-0.05134635046124458,0.49961790442466736,0.6560461521148682,-0.09600673615932465,0.47687315940856934,0.5716766119003296,-0.12151376903057098,0.46218931674957275,0.5376441478729248,-0.13541479408740997,0.45958083868026733,0.7639691829681396,-0.05265524610877037,0.4447181224822998,0.6961092948913574,-0.09684893488883972,0.42248353362083435,0.5856490731239319,-0.10791828483343124,0.42116791009902954,0.5600352883338928,-0.11138786375522614,0.41136959195137024,0.7957569360733032,-0.0608258955180645,0.3887122869491577,0.7309256196022034,-0.10824908316135406,0.3763311505317688,0.6235731244087219,-0.10935420542955399,0.3731394112110138,0.5880371332168579,-0.10276149213314056,0.36547142267227173,0.8059234619140625,-0.0726601779460907,0.34487366676330566,0.765704333782196,-0.10738532245159149,0.34194493293762207,0.6952236890792847,-0.10947563499212265,0.3430948853492737,0.6625960469245911,-0.1063067615032196,D
0.40088194608688354,0.7044062614440918,-5.136234904057346e-07,0.44891440868377686,0.6230020523071289,-0.04877912625670433,0.4854055643081665,0.5384824872016907,-0.0818151906132698,0.5057799816131592,0.4443775415420532,-0.11177343875169754,0.5219498872756958,0.3564845621585846,-0.1379164755344391,0.5157255530357361,0.6785569190979004,-0.0641472116112709,0.4935617446899414,0.6176629662513733,-0.11443677544593811,0.46630600094795227,0.5566232204437256,-0.13913871347904205,0.46192091703414917,0.5611230134963989,-0.15334413945674896,0.47079145908355713,0.7491818070411682,-0.06500372290611267,0.4413529932498932,0.662036120891571,-0.11516816914081573,0.41312175989151,0.5706822872161865,-0.12003562599420547,0.4240635335445404,0.5853562355041504,-0.11907147616147995,0.42064574360847473,0.7934610843658447,-0.07363659143447876,0.389405757188797,0.7057448625564575,-0.12405181676149368,0.3737480342388153,0.6131510734558105,-0.11363494396209717,0.38232314586639404,0.6136881113052368,-0.10018782317638397,0.37543320655822754,0.8162698745727539,-0.0875251442193985,0.34355708956718445,0.7461073994636536,-0.12223915010690689,0.33936187624931335,0.6731350421905518,-0.11911582946777344,0.34592926502227783,0.6565142869949341,-0.11328921467065811,D
0.39141184091567993,0.7070724368095398,-6.277464308368508e-07,0.4374467730522156,0.6093966960906982,-0.05099187791347504,0.481999933719635,0.5271922945976257,-0.08153533935546875,0.5056656002998352,0.43751758337020874,-0.10836975276470184,0.5226296186447144,0.3503098487854004,-0.13157115876674652,0.5167946219444275,0.6916006803512573,-0.06369563937187195,0.4994545578956604,0.6223490238189697,-0.11214330792427063,0.46944794058799744,0.5508313179016113,-0.13652922213077545,0.4571036100387573,0.5360853672027588,-0.14953847229480743,0.4774520993232727,0.7731824517250061,-0.061638243496418,0.44524145126342773,0.6659560203552246,-0.10995707660913467,0.41795945167541504,0.5712558031082153,-0.11904779821634293,0.4206807017326355,0.564793586730957,-0.1209280863404274,0.4292862117290497,0.8212006092071533,-0.06716606765985489,0.3927343487739563,0.7113524079322815,-0.12002559751272202,0.37709006667137146,0.6175733208656311,-0.11739068478345871,0.37840536236763,0.5985876321792603,-0.10745925456285477,0.3848610818386078,0.842487096786499,-0.0773463174700737,0.35485726594924927,0.7686415910720825,-0.11676990240812302,0.34905681014060974,0.6991901993751526,-0.11833283305168152,0.35032451152801514,0.6698366403579712,-0.11376576870679855,D
0.3866509199142456,0.7077170014381409,-7.65357810905698e-07,0.42971503734588623,0.60841965675354,-0.05041297897696495,0.4772927761077881,0.5283807516098022,-0.08321484178304672,0.5024808049201965,0.44094642996788025,-0.11328461766242981,0.5184001922607422,0.3548496961593628,-0.1397172510623932,0.520642876625061,0.7078602313995361,-0.060935329645872116,0.5052636861801147,0.6505375504493713,-0.11089403182268143,0.4706723093986511,0.5642852783203125,-0.13684792816638947,0.45625823736190796,0.536779522895813,-0.1506510227918625,0.48290711641311646,0.7896037697792053,-0.06010168418288231,0.4513283371925354,0.690239667892456,-0.10879842191934586,0.4182226061820984,0.5783109664916992,-0.11896980553865433,0.4148159921169281,0.5637158751487732,-0.12128349393606186,0.43483689427375793,0.8367265462875366,-0.06678111851215363,0.40251004695892334,0.7364834547042847,-0.1206682100892067,0.3790699541568756,0.6255573630332947,-0.11731687933206558,0.37519949674606323,0.5960830450057983,-0.10596568882465363,0.38878098130226135,0.8606866002082825,-0.07790175080299377,0.3637930154800415,0.8039431571960449,-0.11572261154651642,0.3529825210571289,0.7237130403518677,-0.11359740793704987,0.3515530824661255,0.6838173866271973,-0.10588376224040985,D
0.3903615474700928,0.7067388296127319,-7.993028248165501e-07,0.43468910455703735,0.6122210621833801,-0.043810706585645676,0.477222204208374,0.5341068506240845,-0.07326499372720718,0.5030449032783508,0.44373077154159546,-0.10009574890136719,0.5240738391876221,0.35510239005088806,-0.12222754210233688,0.5240679383277893,0.6983029246330261,-0.062231939285993576,0.5000084638595581,0.645027220249176,-0.10549072921276093,0.46602728962898254,0.5651953816413879,-0.12114474177360535,0.4562804400920868,0.546717643737793,-0.12904471158981323,0.485405832529068,0.7821043133735657,-0.06382405757904053,0.44709092378616333,0.6887739300727844,-0.1106802225112915,0.41713497042655945,0.5789982080459595,-0.11580312997102737,0.41949307918548584,0.5698986649513245,-0.1150076612830162,0.43651384115219116,0.8328077793121338,-0.07148926705121994,0.39998045563697815,0.737266480922699,-0.12378741055727005,0.37876611948013306,0.6288467049598694,-0.11769185960292816,0.3776760697364807,0.6049103140830994,-0.10555853694677353,0.3905958831310272,0.86138916015625,-0.08284106850624084,0.36146748065948486,0.8136409521102905,-0.12269899249076843,0.353520929813385,0.7380343675613403,-0.12283534556627274,0.35413599014282227,0.7020377516746521,-0.1170145645737648,D
0.3817563056945801,0.7014340758323669,-7.805881523381686e-07,0.42841634154319763,0.6043057441711426,-0.040112853050231934,0.48072296380996704,0.5265789031982422,-0.06489857286214828,0.5103209018707275,0.4353075623512268,-0.08840496838092804,0.5227787494659424,0.34161511063575745,-0.10918750613927841,0.5218204855918884,0.6925173997879028,-0.042479030787944794,0.5013949275016785,0.6200276017189026,-0.085386261343956,0.46252891421318054,0.5467714071273804,-0.11209878325462341,0.4504809081554413,0.53025883436203,-0.1281445026397705,0.4862150549888611,0.7753168344497681,-0.04460199549794197,0.4492332935333252,0.6688957810401917,-0.08469272404909134,0.41634196043014526,0.572525143623352,-0.09709937125444412,0.4161853790283203,0.5626628398895264,-0.1035470962524414,0.4379770755767822,0.8261420130729675,-0.053272612392902374,0.4023016691207886,0.7242482900619507,-0.09863867610692978,0.37752005457878113,0.6250069737434387,-0.0968935415148735,0.37495434284210205,0.6000752449035645,-0.08907295763492584,0.39143455028533936,0.8525539636611938,-0.06573642790317535,0.3653033971786499,0.7969040870666504,-0.09663985669612885,0.35340696573257446,0.7217970490455627,-0.09365591406822205,0.3498925268650055,0.6831523180007935,-0.08716516196727753,D
0.3741456866264343,0.6849430799484253,-8.012378884814098e-07,0.42447924613952637,0.5866237878799438,-0.04244420677423477,0.4788517653942108,0.5120250582695007,-0.0675632581114769,0.509468674659729,0.42590025067329407,-0.09119727462530136,0.5211628079414368,0.33754923939704895,-0.11144203692674637,0.5214270353317261,0.6845145225524902,-0.041687652468681335,0.505232572555542,0.6245489120483398,-0.0857626348733902,0.4658319354057312,0.5458282828330994,-0.11213946342468262,0.4512336552143097,0.5185827612876892,-0.12667784094810486,0.4851629436016083,0.7646254897117615,-0.04198735952377319,0.44606271386146545,0.6640403866767883,-0.08324733376502991,0.41302406787872314,0.5659485459327698,-0.09617660194635391,0.4121174216270447,0.5516057014465332,-0.10199328511953354,0.43612179160118103,0.8140956163406372,-0.04932902008295059,0.39985039830207825,0.71844881772995,-0.09687696397304535,0.3755742907524109,0.6182180643081665,-0.09664661437273026,0.37274426221847534,0.5893642902374268,-0.08833156526088715,0.38902997970581055,0.8405909538269043,-0.06043830141425133,0.3649243712425232,0.7897361516952515,-0.09298402070999146,0.35237690806388855,0.7191588878631592,-0.09071245789527893,0.3476502299308777,0.6827147006988525,-0.08323495835065842,D
0.37857693433761597,0.6884071826934814,-7.443517233696184e-07,0.4227508008480072,0.5918775200843811,-0.04828238859772682,0.47036829590797424,0.5163601636886597,-0.07939908653497696,0.49901455640792847,0.4337311387062073,-0.10753342509269714,0.5130443572998047,0.3477638065814972,-0.1316789835691452,0.5217722654342651,0.6831030249595642,-0.06018601357936859,0.4976131319999695,0.6182940602302551,-0.10573461651802063,0.45931684970855713,0.5434854030609131,-0.12827327847480774,0.4459208846092224,0.5240573883056641,-0.14047680795192719,0.4843607544898987,0.7688437700271606,-0.05984710901975632,0.44590824842453003,0.6623499393463135,-0.10380768030881882,0.41447287797927856,0.5641830563545227,-0.11314035207033157,0.4106685519218445,0.5532187819480896,-0.11624550819396973,0.43444129824638367,0.8210820555686951,-0.06609798967838287,0.39930015802383423,0.7162874937057495,-0.11657809466123581,0.3761626183986664,0.6144312620162964,-0.1132964938879013,0.3700416684150696,0.5892575979232788,-0.10299061983823776,0.38612157106399536,0.8488826751708984,-0.0765446200966835,0.3620110750198364,0.7892416715621948,-0.11299377679824829,0.350077748298645,0.7119160294532776,-0.11116697639226913,0.3431437611579895,0.6720377206802368,-0.10384834557771683,D
0.37810835242271423,0.6877408623695374,-7.461127893293451e-07,0.4233589470386505,0.5959380865097046,-0.04535431042313576,0.47204551100730896,0.5211136937141418,-0.07490462809801102,0.5010718703269958,0.4351480305194855,-0.10215146094560623,0.5169414281845093,0.3456414043903351,-0.12578999996185303,0.5206691026687622,0.6877191066741943,-0.05427904799580574,0.4999628961086273,0.6222891211509705,-0.10160809755325317,0.46554723381996155,0.5487180948257446,-0.12777552008628845,0.4538974165916443,0.5291345119476318,-0.14229734241962433,0.4843711853027344,0.7723609209060669,-0.05506037920713425,0.4471684694290161,0.6594631671905518,-0.09931007027626038,0.4159758687019348,0.5652774572372437,-0.10942179709672928,0.41265377402305603,0.5588669180870056,-0.11282524466514587,0.4344584345817566,0.8239532113075256,-0.06274869292974472,0.40014880895614624,0.7144290208816528,-0.11221148818731308,0.3768047094345093,0.618743360042572,-0.10826587677001953,0.3709274232387543,0.5977437496185303,-0.09753375500440598,0.3849657475948334,0.851963996887207,-0.07463665306568146,0.35837072134017944,0.7829686999320984,-0.10969085991382599,0.346157431602478,0.7078898549079895,-0.10697255283594131,0.3394009470939636,0.6712920665740967,-0.09902415424585342,D
0.37079858779907227,0.691743791103363,-7.333054554692353e-07,0.4167739748954773,0.5995341539382935,-0.04402448982000351,0.4702744781970978,0.5259096026420593,-0.07085762917995453,0.4985102415084839,0.4413767457008362,-0.09563342481851578,0.5108185410499573,0.3525709807872772,-0.11708784103393555,0.516770601272583,0.6886294484138489,-0.049315448850393295,0.5001336336135864,0.6209332942962646,-0.09777466952800751,0.4640226364135742,0.5479462146759033,-0.1272895336151123,0.45378339290618896,0.5308952331542969,-0.14431264996528625,0.4801805019378662,0.7719618678092957,-0.05083109810948372,0.44358792901039124,0.6612093448638916,-0.0952407568693161,0.41596007347106934,0.5711154937744141,-0.10898871719837189,0.41951441764831543,0.5676400661468506,-0.11558321863412857,0.4299028515815735,0.8240359425544739,-0.05948797985911369,0.3944706320762634,0.7191429734230042,-0.10837280750274658,0.3732101619243622,0.6240240931510925,-0.10697653144598007,0.3718874156475067,0.6036377549171448,-0.09878384321928024,0.38090771436691284,0.8524804711341858,-0.07244855910539627,0.35467129945755005,0.7818544507026672,-0.10666284710168839,0.3416270315647125,0.7073625922203064,-0.10451776534318924,0.33624887466430664,0.6736124753952026,-0.09770508855581284,D
0.3779313564300537,0.6701027154922485,-6.678517934233241e-07,0.42342838644981384,0.5853816270828247,-0.05036624148488045,0.4722920358181,0.516209602355957,-0.08251477032899857,0.4963394105434418,0.4391971230506897,-0.11083650588989258,0.5073986053466797,0.35720229148864746,-0.1351918876171112,0.5182296633720398,0.6899489164352417,-0.06497415900230408,0.5020697116851807,0.6320021152496338,-0.11504347622394562,0.4709562361240387,0.5634739995002747,-0.14073510468006134,0.45900434255599976,0.5432490110397339,-0.15404221415519714,0.47770291566848755,0.7742601037025452,-0.06428898870944977,0.4435531198978424,0.6672672033309937,-0.10965820401906967,0.41817232966423035,0.5760608911514282,-0.11847377568483353,0.4220348298549652,0.5684140920639038,-0.12042976170778275,0.4233841598033905,0.8213179111480713,-0.07075349986553192,0.389618843793869,0.7228235006332397,-0.122027188539505,0.3726866841316223,0.624626636505127,-0.11824624985456467,0.3739091455936432,0.596515417098999,-0.1076328307390213,0.3713054060935974,0.8407260775566101,-0.08172394335269928,0.3405672311782837,0.759697437286377,-0.12103088200092316,0.33369365334510803,0.6729925274848938,-0.12066444754600525,0.33573415875434875,0.6266350150108337,-0.11396738886833191,D
0.38653743267059326,0.6904725432395935,-6.04734054832079e-07,0.4318873882293701,0.6005607843399048,-0.05163981392979622,0.47441235184669495,0.5241663455963135,-0.0867692157626152,0.49527251720428467,0.4414800703525543,-0.1177944764494896,0.5066842436790466,0.35579389333724976,-0.1454290747642517,0.5169373750686646,0.6965578198432922,-0.07186023890972137,0.5015775561332703,0.6392732262611389,-0.12358676642179489,0.47294196486473083,0.5663015842437744,-0.15086999535560608,0.45955654978752136,0.5394640564918518,-0.16548053920269012,0.47398635745048523,0.7774447202682495,-0.07155410200357437,0.4434458613395691,0.675956666469574,-0.11815042793750763,0.41976621747016907,0.5834888219833374,-0.12839911878108978,0.42038899660110474,0.5686782002449036,-0.1320333629846573,0.41965121030807495,0.8192257881164551,-0.07809596508741379,0.3870786726474762,0.7290589809417725,-0.13062715530395508,0.3733036518096924,0.6313032507896423,-0.12935799360275269,0.37327316403388977,0.5931078791618347,-0.12112537771463394,0.3674198389053345,0.8329164385795593,-0.08897849917411804,0.3329448103904724,0.7537477016448975,-0.13111555576324463,0.3278728127479553,0.6697425842285156,-0.13392089307308197,0.3312150835990906,0.618393063545227,-0.12987162172794342,D
0.3898417055606842,0.7009784579277039,-5.722057494494948e-07,0.43775638937950134,0.611033022403717,-0.051783859729766846,0.48015040159225464,0.5296562910079956,-0.08704541623592377,0.4975827634334564,0.44332456588745117,-0.11779162287712097,0.5060166120529175,0.356315016746521,-0.14510801434516907,0.5174469947814941,0.6960498690605164,-0.0766521468758583,0.4995723366737366,0.6342710256576538,-0.127407968044281,0.4697001874446869,0.5618594288825989,-0.15223219990730286,0.4549384117126465,0.5403458476066589,-0.16532233357429504,0.4721481502056122,0.7768206000328064,-0.07599814981222153,0.4422735273838043,0.6788216829299927,-0.12161535769701004,0.4186052083969116,0.5862498879432678,-0.12925812602043152,0.4175773859024048,0.5750076174736023,-0.13142049312591553,0.4167744219303131,0.8179782032966614,-0.0818958654999733,0.3831704556941986,0.7300018668174744,-0.13334812223911285,0.3719876706600189,0.6324844360351562,-0.13091322779655457,0.3727131485939026,0.5972235202789307,-0.12240314483642578,0.36466050148010254,0.8304987549781799,-0.09211502224206924,0.32894521951675415,0.7522327899932861,-0.13359259068965912,0.32601505517959595,0.6698242425918579,-0.13633400201797485,0.3301975131034851,0.6208629012107849,-0.13278517127037048,D
0.3880789875984192,0.6959424018859863,-6.238977903194609e-07,0.4317692220211029,0.603752076625824,-0.04711373522877693,0.47507229447364807,0.5271304249763489,-0.07924532890319824,0.49603691697120667,0.4418201446533203,-0.10805267840623856,0.5097251534461975,0.3567083477973938,-0.13412727415561676,0.5159827470779419,0.6961003541946411,-0.06626075506210327,0.49839624762535095,0.6368587017059326,-0.11693960428237915,0.4703235328197479,0.5686354041099548,-0.14642739295959473,0.45790860056877136,0.5422941446304321,-0.16270500421524048,0.4739490747451782,0.7788028717041016,-0.06744373589754105,0.44187259674072266,0.6782509684562683,-0.11196953058242798,0.42139101028442383,0.5910614728927612,-0.12417063117027283,0.42285022139549255,0.5730436444282532,-0.12993235886096954,0.42019495368003845,0.8234098553657532,-0.07503856718540192,0.38745301961898804,0.7333179712295532,-0.12590475380420685,0.37515026330947876,0.64005446434021,-0.12609949707984924,0.37574779987335205,0.6008028984069824,-0.11918403953313828,0.36874428391456604,0.8387841582298279,-0.08656784892082214,0.3381893038749695,0.7694355845451355,-0.12707838416099548,0.33283960819244385,0.6886404156684875,-0.12901504337787628,0.3350962698459625,0.6364404559135437,-0.12465479224920273,D
0.3925442695617676,0.7000076770782471,-6.468861784014734e-07,0.4292343258857727,0.6098706126213074,-0.05228039622306824,0.46989333629608154,0.5276958346366882,-0.08588375151157379,0.4910978078842163,0.44304847717285156,-0.11528778076171875,0.5050333738327026,0.36400625109672546,-0.14095795154571533,0.5181487798690796,0.6853938102722168,-0.06699138879776001,0.5002062916755676,0.6385691165924072,-0.1166861280798912,0.4678921401500702,0.5716199278831482,-0.1429091840982437,0.4554792046546936,0.5472028255462646,-0.15662993490695953,0.4786399304866791,0.770580530166626,-0.06411030143499374,0.4449313282966614,0.6791030168533325,-0.11011119186878204,0.41665878891944885,0.5909725427627563,-0.12102865427732468,0.41688334941864014,0.5734456777572632,-0.12525707483291626,0.42841771245002747,0.8230969309806824,-0.068119116127491,0.3956855535507202,0.7318404316902161,-0.12029390037059784,0.374833345413208,0.6384730935096741,-0.11869081109762192,0.37243545055389404,0.6030964851379395,-0.10985075682401657,0.3809834122657776,0.8503793478012085,-0.07640764862298965,0.3550119400024414,0.7872400879859924,-0.11461122334003448,0.34216341376304626,0.7105826139450073,-0.11382586508989334,0.3391832709312439,0.6635715365409851,-0.10774526745080948,D
0.37718942761421204,0.7009438872337341,-7.141248374864517e-07,0.4248676002025604,0.6130044460296631,-0.042458485811948776,0.4716370105743408,0.5347501039505005,-0.07019331306219101,0.495882511138916,0.44513046741485596,-0.09633491933345795,0.5090089440345764,0.3614793121814728,-0.11922735720872879,0.5135641694068909,0.6965550184249878,-0.04835373908281326,0.49940142035484314,0.6516216397285461,-0.09475219249725342,0.47070538997650146,0.575667679309845,-0.12184840440750122,0.4593002200126648,0.5504947900772095,-0.13708873093128204,0.47467055916786194,0.7765049338340759,-0.04980091378092766,0.4422004818916321,0.6889275312423706,-0.09352537989616394,0.41504645347595215,0.5923398733139038,-0.10512632876634598,0.4138781428337097,0.5782651305198669,-0.10946143418550491,0.4242769479751587,0.825800895690918,-0.058246225118637085,0.39171162247657776,0.7378249168395996,-0.1067083552479744,0.37285590171813965,0.6411476731300354,-0.10539931058883667,0.37113621830940247,0.613515317440033,-0.09650112688541412,0.3761763274669647,0.8528239727020264,-0.07055465877056122,0.35220038890838623,0.7926936745643616,-0.10364312678575516,0.3430347144603729,0.7179083228111267,-0.10127061605453491,0.34018367528915405,0.6794193387031555,-0.09415983408689499,D
0.38360217213630676,0.7193271517753601,-6.779915793231339e-07,0.4363238513469696,0.6356594562530518,-0.04108733311295509,0.48107898235321045,0.5520049333572388,-0.06641743332147598,0.5012624859809875,0.4510576128959656,-0.09082116186618805,0.5114287734031677,0.3600029945373535,-0.11200614273548126,0.515259325504303,0.7023377418518066,-0.03924832493066788,0.4966469705104828,0.6569569110870361,-0.08428490161895752,0.4671403467655182,0.5741952061653137,-0.11042504757642746,0.45874297618865967,0.5540376305580139,-0.12530584633350372,0.47146812081336975,0.7774488925933838,-0.04111219197511673,0.4403236210346222,0.6975281834602356,-0.08348698914051056,0.41395050287246704,0.5921125411987305,-0.09328717738389969,0.41851305961608887,0.5849727988243103,-0.09630662947893143,0.4197631776332855,0.8219974040985107,-0.05079825595021248,0.3901219666004181,0.7424831390380859,-0.09822367131710052,0.3719044029712677,0.6380297541618347,-0.09515196830034256,0.37259641289711,0.6170136332511902,-0.0851765051484108,0.3720166087150574,0.8444920778274536,-0.06453030556440353,0.3470848500728607,0.7889866828918457,-0.09684722125530243,0.33951041102409363,0.709031343460083,-0.09379709511995316,0.33780771493911743,0.6730133295059204,-0.08659777045249939,D
0.3975217938423157,0.7448076605796814,-4.842250405090454e-07,0.45195141434669495,0.6525371670722961,-0.03960571810603142,0.4895276129245758,0.560479998588562,-0.06585827469825745,0.5076541304588318,0.4571404457092285,-0.09128226339817047,0.5222747921943665,0.36460432410240173,-0.11422254145145416,0.5071755051612854,0.6904141902923584,-0.048460014164447784,0.48930659890174866,0.6580651998519897,-0.09151701629161835,0.4682542681694031,0.5919637680053711,-0.11565804481506348,0.45972657203674316,0.5775102376937866,-0.13010673224925995,0.4606715142726898,0.7572286128997803,-0.051996149122714996,0.4349156320095062,0.6954297423362732,-0.09359261393547058,0.41404205560684204,0.6155843734741211,-0.10232020914554596,0.4203835725784302,0.6183742880821228,-0.10644595324993134,0.4102059304714203,0.7981145977973938,-0.062499359250068665,0.38012826442718506,0.7340547442436218,-0.10887373983860016,0.3692093789577484,0.6590239405632019,-0.10686111450195312,0.3735349476337433,0.6486268639564514,-0.09990210831165314,0.36502018570899963,0.8200702667236328,-0.07688535004854202,0.3355124592781067,0.7829902172088623,-0.11135239154100418,0.3332657516002655,0.7295477390289307,-0.11166710406541824,0.3367737829685211,0.7056333422660828,-0.10851524770259857,D
0.4031006693840027,0.7943425178527832,-3.589153436678316e-07,0.4592286944389343,0.6436078548431396,-0.02990030124783516,0.4957943260669708,0.5419338345527649,-0.05582490563392639,0.5096186399459839,0.45695263147354126,-0.07942622900009155,0.5154914855957031,0.37758082151412964,-0.1043374240398407,0.49885573983192444,0.7170267701148987,-0.07809784263372421,0.49159085750579834,0.6659321188926697,-0.12698517739772797,0.4779019355773926,0.6095389127731323,-0.16219142079353333,0.47406646609306335,0.5760226249694824,-0.1850978434085846,0.4493514597415924,0.7760711312294006,-0.08637797832489014,0.4363759756088257,0.7220053672790527,-0.13279065489768982,0.4228074550628662,0.6313691735267639,-0.15126313269138336,0.417064368724823,0.5871900916099548,-0.16676068305969238,0.3994607925415039,0.812881350517273,-0.09627671539783478,0.3851853907108307,0.7594058513641357,-0.14050176739692688,0.3767162561416626,0.672268807888031,-0.14315859973430634,0.3773283362388611,0.6327351927757263,-0.1430860459804535,0.3556845188140869,0.8253631591796875,-0.10885424166917801,0.3416840434074402,0.7862453460693359,-0.14489051699638367,0.34199780225753784,0.7298434972763062,-0.14886753261089325,0.3450050950050354,0.7085006833076477,-0.14970144629478455,D
0.41569316387176514,0.7190045714378357,-1.1276952704974974e-07,0.4619266986846924,0.6498583555221558,-0.03615918755531311,0.4947128891944885,0.572008490562439,-0.06872111558914185,0.5032480955123901,0.4854162931442261,-0.09719552844762802,0.5118776559829712,0.4007318615913391,-0.12421099841594696,0.4868241846561432,0.6548922061920166,-0.09495450556278229,0.5006734132766724,0.6439716219902039,-0.14285908639431,0.4791802763938904,0.6040263175964355,-0.16590093076229095,0.4586246609687805,0.5781035423278809,-0.17816218733787537,0.44312572479248047,0.7027256488800049,-0.10067592561244965,0.44760146737098694,0.7308696508407593,-0.14632146060466766,0.43147847056388855,0.6694278717041016,-0.1513088494539261,0.42011868953704834,0.6241838335990906,-0.15375156700611115,0.39673280715942383,0.742841899394989,-0.10844938457012177,0.38916152715682983,0.774369478225708,-0.15145212411880493,0.3808581233024597,0.7043254375457764,-0.14405357837677002,0.371997594833374,0.6517743468284607,-0.1357288807630539,0.3548814058303833,0.76827472448349,-0.11870990693569183,0.33711206912994385,0.7953532338142395,-0.15128564834594727,0.3389168083667755,0.7645494341850281,-0.14896103739738464,0.34092798829078674,0.7334859371185303,-0.14468178153038025,D
0.3991205394268036,0.7749958634376526,-1.722004299153923e-07,0.4611812233924866,0.655589759349823,-0.03608943521976471,0.5012117624282837,0.558943510055542,-0.06370710581541061,0.5159667730331421,0.4665606617927551,-0.08880569040775299,0.5209395885467529,0.37848523259162903,-0.11401506513357162,0.5023912191390991,0.6983903646469116,-0.07198568433523178,0.4920355975627899,0.6356430649757385,-0.12422172725200653,0.47973090410232544,0.6100626587867737,-0.1616540104150772,0.47768521308898926,0.6082390546798706,-0.18609443306922913,0.4541569650173187,0.7593721747398376,-0.07957285642623901,0.43296825885772705,0.6889954209327698,-0.13276976346969604,0.42484089732170105,0.6335190534591675,-0.15636242926120758,0.4263975918292999,0.6113446354866028,-0.1736345738172531,0.403804749250412,0.801411509513855,-0.09052377939224243,0.3809087574481964,0.7428770661354065,-0.14350762963294983,0.3772569000720978,0.6780108213424683,-0.1511138379573822,0.3787241578102112,0.6459085941314697,-0.15240369737148285,0.35828858613967896,0.8205136656761169,-0.10423697531223297,0.3377726078033447,0.7860884666442871,-0.14583668112754822,0.3378942608833313,0.7391193509101868,-0.15243136882781982,0.3401690423488617,0.7153512239456177,-0.1542304903268814,D
0.41815370321273804,0.7031446099281311,9.522111810156275e-08,0.46771541237831116,0.6368394494056702,-0.040988072752952576,0.5002208352088928,0.5610789656639099,-0.07797017693519592,0.5089680552482605,0.474068284034729,-0.11059582978487015,0.5216364860534668,0.39025238156318665,-0.14207161962985992,0.48206907510757446,0.6310505867004395,-0.10408203303813934,0.4939509332180023,0.6334675550460815,-0.15859544277191162,0.48268643021583557,0.6139122247695923,-0.18924230337142944,0.4646928906440735,0.6023776531219482,-0.20669834315776825,0.43859541416168213,0.6773499846458435,-0.10977436602115631,0.4389503598213196,0.7129172682762146,-0.16280964016914368,0.4336003065109253,0.6795068383216858,-0.17570345103740692,0.42920589447021484,0.6527408957481384,-0.18400251865386963,0.3936043977737427,0.7200796008110046,-0.11743717640638351,0.3863361179828644,0.7625570297241211,-0.1668940931558609,0.382213830947876,0.7145074009895325,-0.16359588503837585,0.37719234824180603,0.6744592785835266,-0.1577688455581665,0.3536241054534912,0.7466763854026794,-0.12807902693748474,0.33456432819366455,0.7835314273834229,-0.1644517183303833,0.33806437253952026,0.7607567310333252,-0.16387836635112762,0.34086763858795166,0.7361094951629639,-0.1611073762178421,D
0.43006807565689087,0.771619439125061,-2.4577008161941194e-07,0.479786217212677,0.6489012837409973,-0.022138917818665504,0.5056101679801941,0.5471481084823608,-0.03947016969323158,0.504976749420166,0.4624491333961487,-0.05638687312602997,0.5064586997032166,0.4000539183616638,-0.0745866447687149,0.4996914267539978,0.701776385307312,-0.04551642760634422,0.4874514043331146,0.6434091925621033,-0.08147502690553665,0.4737667441368103,0.613777756690979,-0.11022844910621643,0.4674646258354187,0.6025876402854919,-0.12860451638698578,0.4461897313594818,0.7450652718544006,-0.05219177529215813,0.42774683237075806,0.6761841177940369,-0.08990441262722015,0.42723149061203003,0.645260751247406,-0.111785389482975,0.4332026243209839,0.6409946084022522,-0.12847404181957245,0.3993576169013977,0.7641826868057251,-0.05989743769168854,0.37818995118141174,0.6923328042030334,-0.0974772647023201,0.38178956508636475,0.6713730692863464,-0.10599641501903534,0.3912985622882843,0.6703980565071106,-0.10930848121643066,0.3615240454673767,0.7631522417068481,-0.06900565326213837,0.3384411334991455,0.7147744297981262,-0.09725471585988998,0.344764769077301,0.7115954160690308,-0.10081464052200317,0.3572178781032562,0.7279180884361267,-0.1015474945306778,D
0.46125712990760803,0.7634391784667969,9.123630206886446e-08,0.49538454413414,0.6702460646629333,-0.05509021505713463,0.5107205510139465,0.5733508467674255,-0.10163529962301254,0.5080551505088806,0.47597765922546387,-0.14191505312919617,0.5095735192298889,0.3882657289505005,-0.18301165103912354,0.508100688457489,0.6698883771896362,-0.1253097951412201,0.49803870916366577,0.655301034450531,-0.18664483726024628,0.4812800884246826,0.618740975856781,-0.22389009594917297,0.46545273065567017,0.5961579084396362,-0.24582844972610474,0.45975589752197266,0.7338705062866211,-0.1270574927330017,0.44717058539390564,0.7388110756874084,-0.18642368912696838,0.4403998851776123,0.6843923330307007,-0.20939838886260986,0.43745702505111694,0.6500638127326965,-0.2260366678237915,0.4128689467906952,0.7831220030784607,-0.13057710230350494,0.39103490114212036,0.7813413143157959,-0.18546748161315918,0.3844614326953888,0.7005137205123901,-0.18951323628425598,0.37520837783813477,0.6388866305351257,-0.1887817680835724,0.37287718057632446,0.8060634136199951,-0.1378742903470993,0.35090529918670654,0.7958527207374573,-0.17760169506072998,0.3499069809913635,0.751946747303009,-0.1792815774679184,0.3476788103580475,0.712690532207489,-0.17909196019172668,D
0.4448816180229187,0.7974246740341187,-1.3240292418004174e-08,0.4930047392845154,0.7748690247535706,-0.06381671875715256,0.5266167521476746,0.6996086239814758,-0.10701745003461838,0.5324934720993042,0.6494780778884888,-0.14067137241363525,0.5142317414283752,0.6127334237098694,-0.17390747368335724,0.48598113656044006,0.6179986000061035,-0.1144239529967308,0.4792803227901459,0.5637396574020386,-0.18620091676712036,0.4839932322502136,0.6093335151672363,-0.23045814037322998,0.49317285418510437,0.671800434589386,-0.25307801365852356,0.4290529191493988,0.6423222422599792,-0.10730098187923431,0.4115806519985199,0.5964012742042542,-0.18557317554950714,0.431060254573822,0.6992137432098389,-0.21553778648376465,0.45583903789520264,0.7766636610031128,-0.22570790350437164,0.38605812191963196,0.6771461963653564,-0.10508479923009872,0.3622141182422638,0.625929057598114,-0.17693650722503662,0.38039013743400574,0.7144119143486023,-0.19033442437648773,0.40444135665893555,0.7826575636863708,-0.1881783902645111,0.3569645583629608,0.7207558155059814,-0.10589798539876938,0.34056422114372253,0.7303703427314758,-0.16218987107276917,0.3582994341850281,0.8074668645858765,-0.17469453811645508,0.3791669011116028,0.8555160760879517,-0.17577584087848663,D
0.4610133469104767,0.8120518326759338,1.66251453492805e-07,0.48755431175231934,0.709175705909729,-0.038139812648296356,0.507117748260498,0.58078533411026,-0.06751517951488495,0.5050894021987915,0.4712231755256653,-0.08661209046840668,0.5016735196113586,0.3816989064216614,-0.10632816702127457,0.5383173823356628,0.7503307461738586,-0.1312682181596756,0.5302135944366455,0.665229856967926,-0.1874110996723175,0.49678656458854675,0.5913665294647217,-0.21625907719135284,0.4752999544143677,0.5855111479759216,-0.2267448604106903,0.49731943011283875,0.82005774974823,-0.12546351552009583,0.4591980576515198,0.7282366156578064,-0.17868860065937042,0.42395249009132385,0.6275717616081238,-0.1907171756029129,0.41569095849990845,0.6191504001617432,-0.19533072412014008,0.45196297764778137,0.8694874048233032,-0.11773443967103958,0.40427321195602417,0.7562916874885559,-0.16740912199020386,0.37783998250961304,0.6629385948181152,-0.16828478872776031,0.37972700595855713,0.6367019414901733,-0.16049222648143768,0.41164669394493103,0.8994826674461365,-0.10993672907352448,0.3641413748264313,0.8173116445541382,-0.15192803740501404,0.3526592552661896,0.7537178993225098,-0.1566564291715622,0.36260986328125,0.7356332540512085,-0.15278102457523346,D
0.40756499767303467,0.7625600695610046,-6.455967422880349e-07,0.4460556209087372,0.6636837720870972,-0.04461462050676346,0.48544570803642273,0.5781625509262085,-0.07539664208889008,0.498088538646698,0.4936792850494385,-0.10209085792303085,0.49810606241226196,0.40932098031044006,-0.12667152285575867,0.5401308536529541,0.7394832372665405,-0.07219495624303818,0.5150558352470398,0.6582216024398804,-0.11790471524000168,0.4801439046859741,0.5921428799629211,-0.14410090446472168,0.4596078097820282,0.5614792704582214,-0.15862637758255005,0.5108289122581482,0.8306361436843872,-0.07145274430513382,0.4565872251987457,0.7089946269989014,-0.11307886987924576,0.4277305603027344,0.6295301914215088,-0.1268855631351471,0.4200228750705719,0.6011470556259155,-0.13513915240764618,0.4672708809375763,0.8914514780044556,-0.07494138181209564,0.40776488184928894,0.7629548907279968,-0.11901883035898209,0.38410282135009766,0.674588143825531,-0.11931568384170532,0.37660348415374756,0.6290022730827332,-0.11402402073144913,0.42380082607269287,0.9247625470161438,-0.0822843611240387,0.3844134211540222,0.8531044721603394,-0.1152772530913353,0.37156593799591064,0.7961695194244385,-0.11546891182661057,0.369717001914978,0.7584303617477417,-0.11113159358501434,D
0.4088267385959625,0.7728322148323059,-6.856553795842046e-07,0.4456578195095062,0.6734673976898193,-0.04348691552877426,0.48520156741142273,0.5837018489837646,-0.07604610174894333,0.4980248510837555,0.49542343616485596,-0.1053258553147316,0.49492859840393066,0.40452924370765686,-0.1333979070186615,0.5386398434638977,0.7382599115371704,-0.07224247604608536,0.5150846838951111,0.6631786823272705,-0.11764141172170639,0.4824436604976654,0.606537401676178,-0.14406061172485352,0.46326693892478943,0.5754071474075317,-0.15795476734638214,0.5117251873016357,0.8311165571212769,-0.07153592258691788,0.45858174562454224,0.7084769010543823,-0.11169304698705673,0.42688634991645813,0.636290431022644,-0.12617339193820953,0.4164224863052368,0.6116694808006287,-0.13478507101535797,0.47004809975624084,0.895787239074707,-0.07442887872457504,0.418207049369812,0.774005115032196,-0.1179710179567337,0.3908294141292572,0.6932116150856018,-0.12045522779226303,0.37818026542663574,0.649344265460968,-0.11589853465557098,0.42734867334365845,0.9379748106002808,-0.08091526478528976,0.3939390778541565,0.8636471033096313,-0.11029504984617233,0.3774268627166748,0.8014047145843506,-0.10873036831617355,0.3685413599014282,0.7541654109954834,-0.1031239777803421,D
0.4071810245513916,0.7677798867225647,-7.375612085525063e-07,0.4464431405067444,0.6706266403198242,-0.0394832007586956,0.4855104386806488,0.5855720043182373,-0.06934749335050583,0.4986783564090729,0.4990518093109131,-0.09670776128768921,0.49475494027137756,0.4124445915222168,-0.12317483127117157,0.5412892699241638,0.7449755668640137,-0.06568875908851624,0.5148253440856934,0.6589396595954895,-0.10827815532684326,0.4762915074825287,0.6008743047714233,-0.13457636535167694,0.4553239941596985,0.57208251953125,-0.14931035041809082,0.5113570094108582,0.8352057933807373,-0.06704488396644592,0.45958101749420166,0.7088185548782349,-0.10390898585319519,0.42792433500289917,0.6359544992446899,-0.11910326033830643,0.4179712235927582,0.6088343858718872,-0.12967321276664734,0.46746158599853516,0.896933376789093,-0.07174178212881088,0.41717156767845154,0.771939754486084,-0.1121702790260315,0.3913881778717041,0.6901748776435852,-0.11590466648340225,0.38027918338775635,0.6428282260894775,-0.11397455632686615,0.42266950011253357,0.936020016670227,-0.07971130311489105,0.3894256353378296,0.8638892769813538,-0.10718917101621628,0.3731715679168701,0.7978804111480713,-0.1060158759355545,0.3654969334602356,0.7439931035041809,-0.10211139917373657,D
0.4104795455932617,0.7541469931602478,-7.346310439970694e-07,0.4429803192615509,0.6606520414352417,-0.044181350618600845,0.48188385367393494,0.5762839317321777,-0.07756822556257248,0.4963206648826599,0.49019983410835266,-0.10799969732761383,0.4973584711551666,0.3995116949081421,-0.13715915381908417,0.536867618560791,0.7325178980827332,-0.07240451872348785,0.5157635807991028,0.6651353240013123,-0.12211369723081589,0.48254671692848206,0.6043987274169922,-0.1518629938364029,0.4618510901927948,0.5696954727172852,-0.1676543653011322,0.5090717673301697,0.8274837136268616,-0.0729447454214096,0.4598638117313385,0.7115679979324341,-0.11519870162010193,0.4272981286048889,0.6349267959594727,-0.12903237342834473,0.41603320837020874,0.6077122688293457,-0.13689059019088745,0.46499863266944885,0.8910388946533203,-0.07786092907190323,0.4155411720275879,0.7726104855537415,-0.1233213022351265,0.3890417218208313,0.6888630390167236,-0.12398922443389893,0.3790093660354614,0.6459243297576904,-0.11841852962970734,0.4199606776237488,0.929887056350708,-0.0865752175450325,0.38352465629577637,0.8432815074920654,-0.11867430061101913,0.3678375482559204,0.7707549929618835,-0.11727435886859894,0.3618449568748474,0.7199714183807373,-0.11164024472236633,D
0.398700475692749,0.7390003800392151,-7.04200260770449e-07,0.43318572640419006,0.6528148651123047,-0.047564126551151276,0.4748293459415436,0.5747575163841248,-0.08138719946146011,0.4930984079837799,0.4914262592792511,-0.11144840717315674,0.49801576137542725,0.4029046297073364,-0.13938486576080322,0.5338229537010193,0.7293443083763123,-0.07105197757482529,0.5091296434402466,0.6507059335708618,-0.11792930960655212,0.472932904958725,0.5929760932922363,-0.14477640390396118,0.46071913838386536,0.5791573524475098,-0.16036386787891388,0.5035631656646729,0.8217735290527344,-0.07029373943805695,0.45513951778411865,0.70247483253479,-0.11132921278476715,0.4234161972999573,0.621740460395813,-0.12355515360832214,0.4223925769329071,0.6119416356086731,-0.1308773159980774,0.45761480927467346,0.8815667629241943,-0.07434985041618347,0.40814873576164246,0.7594111561775208,-0.11887069791555405,0.3847437798976898,0.6726891994476318,-0.11810292303562164,0.38358673453330994,0.6480635404586792,-0.11233348399400711,0.4119652807712555,0.9180564880371094,-0.08267024904489517,0.37619003653526306,0.8273550271987915,-0.11195170134305954,0.36329543590545654,0.7524001002311707,-0.108796626329422,0.36200448870658875,0.7118105888366699,-0.1029338389635086,D
0.40129753947257996,0.7288854718208313,-7.253024705278222e-07,0.4332709312438965,0.643517255783081,-0.04751705750823021,0.47413164377212524,0.566741406917572,-0.08142950385808945,0.4926551580429077,0.48487013578414917,-0.11203359067440033,0.49926015734672546,0.39797207713127136,-0.14032189548015594,0.5324599146842957,0.7312756776809692,-0.06843118369579315,0.5149412155151367,0.6651991605758667,-0.11652568727731705,0.48166850209236145,0.595539927482605,-0.14368756115436554,0.46501582860946655,0.5635939836502075,-0.15786944329738617,0.5031236410140991,0.822569727897644,-0.06667491048574448,0.45838624238967896,0.704495370388031,-0.10814069956541061,0.42554131150245667,0.617148220539093,-0.1200711727142334,0.4205619692802429,0.600103497505188,-0.12580104172229767,0.45830073952674866,0.8821084499359131,-0.07008615881204605,0.411339670419693,0.7611337304115295,-0.11533776670694351,0.385851114988327,0.670218825340271,-0.11367129534482956,0.38164177536964417,0.6385398507118225,-0.10588696599006653,0.4137710928916931,0.9176477789878845,-0.07770118117332458,0.3810810446739197,0.8363670110702515,-0.10840427130460739,0.36564886569976807,0.767157793045044,-0.10504242777824402,0.36219364404678345,0.7301228046417236,-0.09757541865110397,D
0.40858834981918335,0.7313379049301147,-6.974387360969558e-07,0.439657986164093,0.6477037668228149,-0.04647276550531387,0.4794437289237976,0.5693926215171814,-0.0791306123137474,0.4955088794231415,0.4851171374320984,-0.10843304544687271,0.5000344514846802,0.3966580331325531,-0.13582444190979004,0.5334672331809998,0.7275370359420776,-0.06777065992355347,0.5094472765922546,0.6583176255226135,-0.11290933191776276,0.47784945368766785,0.5938166379928589,-0.13899661600589752,0.4662361145019531,0.5679106712341309,-0.15378403663635254,0.5030638575553894,0.8185968995094299,-0.06651653349399567,0.4545729160308838,0.6986018419265747,-0.1059296578168869,0.4243016541004181,0.6152589917182922,-0.11818402260541916,0.4219758212566376,0.6019877791404724,-0.12512701749801636,0.45817843079566956,0.8772413730621338,-0.06989388912916183,0.4089796543121338,0.7539364099502563,-0.11293055862188339,0.3849056363105774,0.6674087047576904,-0.11197422444820404,0.3818454146385193,0.640404999256134,-0.1055462509393692,0.41429445147514343,0.9118660688400269,-0.07751619815826416,0.3798040449619293,0.827889621257782,-0.10660983622074127,0.36542806029319763,0.7630653977394104,-0.10338927060365677,0.36278238892555237,0.7303656935691833,-0.09683569520711899,D
0.38283270597457886,0.6900336742401123,-7.545417588517012e-07,0.4206315279006958,0.6075058579444885,-0.047720395028591156,0.47092679142951965,0.540732741355896,-0.07958991825580597,0.4984564483165741,0.4635111689567566,-0.10764238983392715,0.5104101300239563,0.379723459482193,-0.13312847912311554,0.5268303751945496,0.7133386731147766,-0.06483852863311768,0.5058911442756653,0.6393412947654724,-0.1113893985748291,0.4707842171192169,0.5718458294868469,-0.13823479413986206,0.45871976017951965,0.5523066520690918,-0.15347206592559814,0.4935060441493988,0.7992905974388123,-0.06328094005584717,0.45013123750686646,0.6872804164886475,-0.10380624979734421,0.41878581047058105,0.600130021572113,-0.1152205690741539,0.417300820350647,0.5907527208328247,-0.12154471129179001,0.4446832239627838,0.853018045425415,-0.06713277101516724,0.40358465909957886,0.7472134828567505,-0.11249109357595444,0.37851324677467346,0.6568483114242554,-0.10929684340953827,0.3748367726802826,0.6337531208992004,-0.1010342538356781,0.39707258343696594,0.8861972093582153,-0.07521709054708481,0.3727591633796692,0.8299337029457092,-0.10616229474544525,0.35720208287239075,0.7641037702560425,-0.10122667998075485,0.35212093591690063,0.7322573065757751,-0.09312894195318222,D
0.37971562147140503,0.6835823059082031,-8.151862402883125e-07,0.42302167415618896,0.5998879075050354,-0.04535306617617607,0.4754641652107239,0.5326083898544312,-0.07535913586616516,0.5065867304801941,0.4506278932094574,-0.10244619101285934,0.5298330187797546,0.3666797876358032,-0.1267501264810562,0.5251840353012085,0.7130990028381348,-0.06004990637302399,0.5128612518310547,0.6461888551712036,-0.10930591076612473,0.47975319623947144,0.5660759210586548,-0.13824161887168884,0.4628804922103882,0.535110354423523,-0.15374739468097687,0.48682498931884766,0.7933621406555176,-0.060354020446538925,0.4486923813819885,0.676665723323822,-0.10385564714670181,0.41808128356933594,0.5812885761260986,-0.11662192642688751,0.41483232378959656,0.5715595483779907,-0.12289276719093323,0.43469133973121643,0.8391660451889038,-0.06676820665597916,0.3968505561351776,0.728223443031311,-0.11467961221933365,0.3754025399684906,0.632402241230011,-0.1124395802617073,0.373489648103714,0.6097586154937744,-0.1042621061205864,0.3853912353515625,0.8599594235420227,-0.07709819823503494,0.35872983932495117,0.7874045968055725,-0.11137063056230545,0.34682708978652954,0.7105914354324341,-0.1080503761768341,0.34485310316085815,0.675560474395752,-0.10025821626186371,D
0.3884366750717163,0.6966014504432678,-7.737600640211895e-07,0.42637723684310913,0.6026871204376221,-0.04952029138803482,0.47526809573173523,0.5273461937904358,-0.08222155272960663,0.5091630816459656,0.4397495985031128,-0.11049014329910278,0.5376265645027161,0.35348406434059143,-0.1348135620355606,0.5239238739013672,0.7015263438224792,-0.07358954846858978,0.49954500794410706,0.6216899156570435,-0.1158314049243927,0.4642021656036377,0.5496929883956909,-0.1337769776582718,0.4544219970703125,0.536639392375946,-0.14404064416885376,0.4843481481075287,0.784089207649231,-0.07235290110111237,0.44337213039398193,0.6635454297065735,-0.11368706822395325,0.41586750745773315,0.5693846940994263,-0.12083318829536438,0.4172174036502838,0.5687763690948486,-0.1244378387928009,0.4334949254989624,0.8317998647689819,-0.0762225091457367,0.3931206464767456,0.7181522846221924,-0.12347870320081711,0.37504369020462036,0.6231876611709595,-0.11852747201919556,0.3759612441062927,0.607636034488678,-0.10979951918125153,0.385947585105896,0.8555207252502441,-0.08432647585868835,0.35829487442970276,0.796292245388031,-0.12008846551179886,0.3477340340614319,0.7284917831420898,-0.11774999648332596,0.34546834230422974,0.7003269791603088,-0.11149084568023682,D
0.38053494691848755,0.6949009299278259,-8.055257580963371e-07,0.42357978224754333,0.5962845683097839,-0.04770281910896301,0.4758298695087433,0.5212168097496033,-0.07845830917358398,0.5107934474945068,0.43947944045066833,-0.10572163015604019,0.5412516593933105,0.35756543278694153,-0.12870632112026215,0.5228943228721619,0.6959166526794434,-0.06515951454639435,0.505878210067749,0.6249842047691345,-0.11177073419094086,0.4701472222805023,0.54876309633255,-0.13503830134868622,0.4590182304382324,0.5342482924461365,-0.1481650173664093,0.48335739970207214,0.7776172161102295,-0.06495600193738937,0.44672319293022156,0.6631583571434021,-0.10944857448339462,0.4165717661380768,0.5642845630645752,-0.1178581491112709,0.41791075468063354,0.5662928223609924,-0.1209898516535759,0.43190211057662964,0.8239617943763733,-0.07094664126634598,0.39457041025161743,0.7129397988319397,-0.1201106607913971,0.37484145164489746,0.6157997846603394,-0.11387452483177185,0.3773651719093323,0.6065927743911743,-0.10313645750284195,0.3836408853530884,0.8455398678779602,-0.08125551044940948,0.35519179701805115,0.7802784442901611,-0.11716891825199127,0.34616532921791077,0.7084546089172363,-0.11405631899833679,0.347541868686676,0.6834720969200134,-0.10666903853416443,D
0.37281113862991333,0.6789772510528564,-8.309016266139224e-07,0.4199020266532898,0.5854253768920898,-0.04663796350359917,0.4766130745410919,0.5137045979499817,-0.07577375322580338,0.5124544501304626,0.4336673617362976,-0.10164391249418259,0.5419520139694214,0.3545132875442505,-0.12325406074523926,0.5189598798751831,0.6918519735336304,-0.06039319559931755,0.505630373954773,0.6289694309234619,-0.1087755337357521,0.4717690050601959,0.5479444861412048,-0.13312867283821106,0.46037784218788147,0.5288105010986328,-0.14619305729866028,0.4783734083175659,0.77149498462677,-0.0602315329015255,0.4466870129108429,0.6679509878158569,-0.10590551793575287,0.41686469316482544,0.5623457431793213,-0.11404375731945038,0.41933223605155945,0.5612636208534241,-0.11605618894100189,0.42673617601394653,0.8161330223083496,-0.06686645746231079,0.39485546946525574,0.7139164209365845,-0.1175377368927002,0.3749033212661743,0.6087102293968201,-0.11150619387626648,0.3777807354927063,0.5953872799873352,-0.10003232210874557,0.3780219554901123,0.8371167182922363,-0.07766185700893402,0.35277897119522095,0.7750407457351685,-0.1141340434551239,0.34322911500930786,0.6937201023101807,-0.1109229177236557,0.34440138936042786,0.6620951294898987,-0.10305071622133255,D
0.37886348366737366,0.6859671473503113,-7.651746045667096e-07,0.42661458253860474,0.5847523808479309,-0.051950059831142426,0.4810694754123688,0.511637270450592,-0.08378277719020844,0.5112875699996948,0.4322196841239929,-0.11191388964653015,0.5416584014892578,0.3542994260787964,-0.135259211063385,0.5152095556259155,0.6825129985809326,-0.06956831365823746,0.5045334696769714,0.6289995908737183,-0.1255757212638855,0.4697057604789734,0.5427125096321106,-0.15419313311576843,0.45702415704727173,0.525361180305481,-0.169367253780365,0.47147634625434875,0.7571805715560913,-0.06886482238769531,0.44154682755470276,0.6719790101051331,-0.12383787333965302,0.4137060046195984,0.5600028038024902,-0.13332898914813995,0.420405775308609,0.5607190728187561,-0.13478900492191315,0.4195379912853241,0.7992543578147888,-0.07629124820232391,0.3878587484359741,0.7145928740501404,-0.1334017515182495,0.37128058075904846,0.6073114275932312,-0.12720416486263275,0.3773019313812256,0.5969851016998291,-0.11466403305530548,0.3728770613670349,0.819413423538208,-0.08854122459888458,0.3451393246650696,0.7688546180725098,-0.1303599327802658,0.33926260471343994,0.6938415765762329,-0.13012464344501495,0.3444066345691681,0.6701310873031616,-0.12413196265697479,D
0.36688587069511414,0.6860566139221191,-7.31074180748692e-07,0.42031386494636536,0.5848819017410278,-0.052593667060136795,0.4761269688606262,0.5097975730895996,-0.08403239399194717,0.5081663131713867,0.4334902763366699,-0.11229325830936432,0.5405927300453186,0.3615833520889282,-0.1353156566619873,0.5107811093330383,0.6847230792045593,-0.06163239851593971,0.5059913992881775,0.6405997276306152,-0.11927362531423569,0.4768778383731842,0.5411632061004639,-0.14756646752357483,0.46013376116752625,0.5152143239974976,-0.1610323190689087,0.4653592109680176,0.7553190588951111,-0.06098063662648201,0.44634735584259033,0.6804611682891846,-0.1174878403544426,0.414574533700943,0.5556461811065674,-0.12266447395086288,0.41640132665634155,0.5563043355941772,-0.11850348860025406,0.4128014147281647,0.7917339205741882,-0.07028435170650482,0.38817495107650757,0.709639847278595,-0.12764482200145721,0.3708629608154297,0.5971514582633972,-0.11789167672395706,0.37510374188423157,0.5935732126235962,-0.10156302154064178,0.3658372163772583,0.8068276047706604,-0.08489751815795898,0.3440033793449402,0.7524777054786682,-0.12557435035705566,0.33785027265548706,0.6694058179855347,-0.1233804002404213,0.340395450592041,0.6489583849906921,-0.1153620183467865,D
0.3710111081600189,0.6906408667564392,-7.281986995621992e-07,0.42745715379714966,0.5955643653869629,-0.04976016655564308,0.4820862114429474,0.5239226222038269,-0.07801417261362076,0.5104189515113831,0.4454948306083679,-0.10320678353309631,0.5373950004577637,0.3716071546077728,-0.12396059185266495,0.5133267045021057,0.6999551057815552,-0.05496212840080261,0.5055805444717407,0.6376877427101135,-0.1066960021853447,0.4741988778114319,0.5350657105445862,-0.13423430919647217,0.45457494258880615,0.5120429396629333,-0.1484071910381317,0.46614569425582886,0.7661372423171997,-0.05426160246133804,0.4465992748737335,0.6817178726196289,-0.10394129902124405,0.4165416955947876,0.5567198395729065,-0.11102928966283798,0.41667574644088745,0.5528775453567505,-0.11027047783136368,0.4121074080467224,0.7964469194412231,-0.06276591867208481,0.38869017362594604,0.7135738134384155,-0.11473934352397919,0.3731538951396942,0.6008576154708862,-0.10901100933551788,0.37407344579696655,0.5913792252540588,-0.09702984243631363,0.3635500967502594,0.804926872253418,-0.07614602148532867,0.34267479181289673,0.7520904541015625,-0.11388291418552399,0.33888179063796997,0.6705257296562195,-0.11340826004743576,0.34132611751556396,0.647174596786499,-0.10768803209066391,D
0.36374223232269287,0.6847366690635681,-7.097202683326032e-07,0.4229145348072052,0.5815528035163879,-0.047593481838703156,0.48092639446258545,0.5157973170280457,-0.07557503134012222,0.5126173496246338,0.4500388205051422,-0.10073844343423843,0.540424108505249,0.38089218735694885,-0.12202007323503494,0.510233461856842,0.6946561336517334,-0.05770270526409149,0.5055267810821533,0.6405234336853027,-0.11016851663589478,0.4743424654006958,0.5420249104499817,-0.13927631080150604,0.45597225427627563,0.5213961601257324,-0.15527798235416412,0.46427062153816223,0.762630820274353,-0.05874320864677429,0.4500163793563843,0.6930157542228699,-0.11137353628873825,0.4223945438861847,0.5686730742454529,-0.12196879088878632,0.41754621267318726,0.5618250966072083,-0.12374065816402435,0.41125455498695374,0.7941635847091675,-0.06823444366455078,0.391308456659317,0.7249236702919006,-0.122435063123703,0.37820133566856384,0.6072806119918823,-0.1199648454785347,0.3763907849788666,0.5915219783782959,-0.1101098582148552,0.36182156205177307,0.8045247197151184,-0.08213704079389572,0.3449215590953827,0.7624190449714661,-0.12038751691579819,0.34217822551727295,0.6832026243209839,-0.12153907865285873,0.34343522787094116,0.6599390506744385,-0.11744609475135803,D
0.3716658353805542,0.6893043518066406,-6.946651751604804e-07,0.4233396053314209,0.5920982956886292,-0.04750853031873703,0.47901231050491333,0.5226826667785645,-0.07726878672838211,0.5117870569229126,0.4538501501083374,-0.1045350581407547,0.5447114109992981,0.38776326179504395,-0.12781518697738647,0.5065262317657471,0.6944682598114014,-0.0577094629406929,0.5070767402648926,0.6521156430244446,-0.11053113639354706,0.48044222593307495,0.5596776604652405,-0.1383998543024063,0.46375441551208496,0.5333649516105652,-0.1527358442544937,0.4613942801952362,0.7610447406768799,-0.05888054892420769,0.4511635899543762,0.6970768570899963,-0.11056970804929733,0.4216170907020569,0.5752459764480591,-0.11871176213026047,0.41959860920906067,0.5678284168243408,-0.11835243552923203,0.4105442762374878,0.7947498559951782,-0.06853477656841278,0.39335864782333374,0.7310775518417358,-0.12225623428821564,0.3770568072795868,0.6158096194267273,-0.11562340706586838,0.3761652410030365,0.5987017154693604,-0.1027689054608345,0.36365070939064026,0.8088723421096802,-0.08262831717729568,0.3476543426513672,0.766270101070404,-0.12011535465717316,0.34030500054359436,0.6866048574447632,-0.11755923181772232,0.3400473892688751,0.6627428531646729,-0.11049097776412964,D
0.3753555417060852,0.7054741382598877,-5.653365633406793e-07,0.4334195554256439,0.6070504188537598,-0.0445900596678257,0.48533469438552856,0.5354775786399841,-0.07301714271306992,0.5118708610534668,0.46161770820617676,-0.09957011044025421,0.5353716611862183,0.388784795999527,-0.1231093779206276,0.5037175416946411,0.6906347274780273,-0.05637822300195694,0.5053304433822632,0.6460896730422974,-0.10953953862190247,0.4801473915576935,0.5546232461929321,-0.1395922303199768,0.4628780484199524,0.5334059000015259,-0.15596221387386322,0.4577886462211609,0.7511526346206665,-0.05967020243406296,0.4528246521949768,0.6959777474403381,-0.11261799931526184,0.42502617835998535,0.5784971714019775,-0.12418947368860245,0.42126959562301636,0.5715148448944092,-0.12673531472682953,0.4069834351539612,0.7819507122039795,-0.07108739018440247,0.3928714394569397,0.7303683161735535,-0.1265556514263153,0.3772036135196686,0.6164958477020264,-0.1255505383014679,0.373812735080719,0.5978617668151855,-0.11662662774324417,0.35992997884750366,0.7940552234649658,-0.08641580492258072,0.3420511484146118,0.7535127997398376,-0.1267206221818924,0.3368440866470337,0.678001880645752,-0.128697469830513,0.33652010560035706,0.6568811535835266,-0.12522447109222412,D
0.3764409124851227,0.6998944878578186,-5.113162728775933e-07,0.4298839867115021,0.5965695977210999,-0.045866869390010834,0.4818931519985199,0.5255964398384094,-0.07795201241970062,0.5117400884628296,0.45985865592956543,-0.10687265545129776,0.5402532815933228,0.39022141695022583,-0.13382688164710999,0.49786537885665894,0.6877738237380981,-0.07751540839672089,0.5069775581359863,0.655340850353241,-0.1332504004240036,0.48401525616645813,0.567949116230011,-0.16476956009864807,0.46534454822540283,0.5343142151832581,-0.18251170217990875,0.4527701735496521,0.7439413070678711,-0.08133333176374435,0.45404335856437683,0.7027563452720642,-0.13817228376865387,0.4297303259372711,0.5902426242828369,-0.15287818014621735,0.4209843873977661,0.5669819712638855,-0.15897659957408905,0.4027528464794159,0.7726266980171204,-0.0913766548037529,0.39556750655174255,0.736522912979126,-0.14816804230213165,0.3816288709640503,0.626754641532898,-0.15053273737430573,0.37294816970825195,0.5930179953575134,-0.1454976201057434,0.35517627000808716,0.7835041284561157,-0.10475458949804306,0.3423633873462677,0.7523416876792908,-0.14872680604457855,0.33821144700050354,0.6809020042419434,-0.15423235297203064,0.3376012444496155,0.6517821550369263,-0.15397340059280396,D
0.35639744997024536,0.6880049705505371,-4.916353759654157e-07,0.4135966897010803,0.5841553807258606,-0.05290606617927551,0.47327402234077454,0.524172842502594,-0.09186988323926926,0.5054833292961121,0.46526646614074707,-0.12556996941566467,0.5391413569450378,0.3986051082611084,-0.1567247062921524,0.49597346782684326,0.6904183626174927,-0.10952282696962357,0.5080952644348145,0.660839319229126,-0.17647232115268707,0.4823770523071289,0.5698774456977844,-0.2103893905878067,0.46316155791282654,0.53406822681427,-0.229986771941185,0.4519595503807068,0.7477232217788696,-0.11407496780157089,0.45350512862205505,0.7072636485099792,-0.19079658389091492,0.42845985293388367,0.5880231857299805,-0.21565918624401093,0.42063432931900024,0.5635693669319153,-0.22784632444381714,0.40068551898002625,0.7767888307571411,-0.12344353646039963,0.3917052149772644,0.7373663783073425,-0.19588516652584076,0.3816527724266052,0.6201028823852539,-0.20739078521728516,0.3760262131690979,0.5822041034698486,-0.2080094963312149,0.3524004817008972,0.7837082743644714,-0.1357075273990631,0.34156230092048645,0.7541101574897766,-0.19385270774364471,0.3406742513179779,0.6786532402038574,-0.20975565910339355,0.3429173231124878,0.6457552313804626,-0.21654070913791656,D
0.3775019645690918,0.704769492149353,-4.877044830209343e-07,0.426472932100296,0.600864589214325,-0.051697514951229095,0.4800552725791931,0.5308682322502136,-0.08669687807559967,0.5096707940101624,0.4631496071815491,-0.11722307652235031,0.5430316925048828,0.39407646656036377,-0.14573216438293457,0.4968712329864502,0.6915859580039978,-0.08869222551584244,0.5063918232917786,0.660453200340271,-0.14816778898239136,0.4812370538711548,0.5745738744735718,-0.1819591373205185,0.4607536792755127,0.539230465888977,-0.20109984278678894,0.4507022798061371,0.7525753378868103,-0.09119927883148193,0.4537905752658844,0.7138502597808838,-0.1531428098678589,0.4275090992450714,0.6013909578323364,-0.1719249188899994,0.41852867603302,0.5752519369125366,-0.1807698905467987,0.3995824158191681,0.7837926745414734,-0.09981181472539902,0.39280080795288086,0.7443398237228394,-0.16068167984485626,0.3791588544845581,0.6346757411956787,-0.16611593961715698,0.37075793743133545,0.598797619342804,-0.1633007973432541,0.3515840768814087,0.7932963371276855,-0.11184903979301453,0.3409222364425659,0.7609046101570129,-0.15890006721019745,0.33635205030441284,0.6924431920051575,-0.16603359580039978,0.33453524112701416,0.6649627685546875,-0.16724030673503876,D
0.3597567081451416,0.6825276017189026,-6.098966878198553e-07,0.4150731563568115,0.5888236165046692,-0.04436182603240013,0.47432956099510193,0.5302546620368958,-0.07162432372570038,0.5101938843727112,0.462522029876709,-0.09629843384027481,0.5396949648857117,0.3806039094924927,-0.11756183207035065,0.5027741193771362,0.707737922668457,-0.05743243917822838,0.504664957523346,0.651242196559906,-0.1087193712592125,0.47567927837371826,0.5675168037414551,-0.13784478604793549,0.4604160785675049,0.5394201278686523,-0.15400446951389313,0.4597022831439972,0.7718846201896667,-0.060172632336616516,0.449280321598053,0.6904516816139221,-0.10992845147848129,0.4226917624473572,0.5815439224243164,-0.12126891314983368,0.4187234044075012,0.5646182298660278,-0.12461701035499573,0.4076074957847595,0.8041703701019287,-0.07049731910228729,0.39145544171333313,0.7299309372901917,-0.12156131118535995,0.37691929936408997,0.623832643032074,-0.11861303448677063,0.3751189410686493,0.5953194499015808,-0.10931029915809631,0.3573450446128845,0.8133946657180786,-0.08494982868432999,0.3391697108745575,0.7668246626853943,-0.12312912940979004,0.33557021617889404,0.6941683888435364,-0.12375658005475998,0.33780205249786377,0.6669475436210632,-0.11889250576496124,D
0.3808482885360718,0.7092705965042114,-6.413627033907687e-07,0.43312278389930725,0.6193564534187317,-0.05004090815782547,0.48304057121276855,0.5437882542610168,-0.08065450936555862,0.5114818215370178,0.45630550384521484,-0.10896246880292892,0.5324215888977051,0.37171420454978943,-0.13273347914218903,0.5100055932998657,0.7041139006614685,-0.05391949042677879,0.4999420642852783,0.6378769874572754,-0.10679437965154648,0.46953311562538147,0.5528660416603088,-0.13244417309761047,0.4600886404514313,0.5482015609741211,-0.14568708837032318,0.46414631605148315,0.7708088159561157,-0.053902991116046906,0.4471002221107483,0.6842852234840393,-0.10713217407464981,0.415174663066864,0.5661364197731018,-0.1118168830871582,0.4183425307273865,0.5769214630126953,-0.10782993584871292,0.4139100909233093,0.808555543422699,-0.06322501599788666,0.3907092213630676,0.7191353440284729,-0.11783552169799805,0.37271755933761597,0.6087723970413208,-0.10741277784109116,0.37674328684806824,0.6098026633262634,-0.09073235094547272,0.3686906099319458,0.828524649143219,-0.0778636559844017,0.34512215852737427,0.7632673382759094,-0.1122359037399292,0.33983322978019714,0.6792396306991577,-0.10729005932807922,0.34262847900390625,0.6612938046455383,-0.09855557233095169,D
0.4435589015483856,0.7742478251457214,-5.445958777272608e-07,0.49931174516677856,0.6747802495956421,-0.01245209388434887,0.5487139821052551,0.5950585603713989,-0.034076835960149765,0.5823004245758057,0.5266780853271484,-0.05460025370121002,0.6156370639801025,0.46215835213661194,-0.07561171799898148,0.5866021513938904,0.6871017813682556,-0.08771761506795883,0.6247072815895081,0.6278148293495178,-0.1267276257276535,0.6118630170822144,0.5527297854423523,-0.13495086133480072,0.5882046222686768,0.49893152713775635,-0.1362149864435196,0.5566018223762512,0.7383707165718079,-0.10011481493711472,0.5504390597343445,0.5550734996795654,-0.14559318125247955,0.5155205726623535,0.4569165110588074,-0.1469636857509613,0.4894046485424042,0.4194997549057007,-0.14467643201351166,0.5115679502487183,0.7661645412445068,-0.11153239756822586,0.4978441596031189,0.5796377062797546,-0.15616929531097412,0.47467610239982605,0.4825270473957062,-0.15249110758304596,0.45546188950538635,0.4406762719154358,-0.14496301114559174,0.46432924270629883,0.7754637002944946,-0.12181375920772552,0.46115416288375854,0.6426289677619934,-0.16213588416576385,0.4518318474292755,0.5762447118759155,-0.16679593920707703,0.44189223647117615,0.5474752187728882,-0.1641063243150711,C
0.4654719829559326,0.778871476650238,-5.296450922287477e-08,0.5103696584701538,0.6763298511505127,-0.0270682480186224,0.5398623943328857,0.6043637990951538,-0.07204575091600418,0.5423548221588135,0.5592375993728638,-0.11453868448734283,0.5378298163414001,0.5203003883361816,-0.16048289835453033,0.5881752967834473,0.6895142793655396,-0.13813583552837372,0.6192072033882141,0.652479350566864,-0.20100520551204681,0.6108756065368652,0.590949535369873,-0.2309868037700653,0.5952984094619751,0.5394265055656433,-0.2482280284166336,0.5562605261802673,0.739126443862915,-0.15491093695163727,0.5386597514152527,0.6024311184883118,-0.2306475192308426,0.5083557367324829,0.4978142976760864,-0.25629928708076477,0.4870264232158661,0.43676018714904785,-0.2702700197696686,0.5120776295661926,0.77546226978302,-0.16904103755950928,0.494289755821228,0.6240931749343872,-0.23778356611728668,0.4734334945678711,0.5214704871177673,-0.2491806000471115,0.4560631513595581,0.4670759439468384,-0.25065872073173523,0.46644318103790283,0.7940194606781006,-0.18220876157283783,0.46292948722839355,0.7012709975242615,-0.23657892644405365,0.4566691815853119,0.6513413786888123,-0.2469591647386551,0.4516112506389618,0.6321215629577637,-0.24928630888462067,C
0.475902259349823,0.783490002155304,3.110100976755348e-08,0.5193314552307129,0.6839600205421448,-0.02807120606303215,0.5461857318878174,0.6040268540382385,-0.07054223865270615,0.5449740290641785,0.5488911867141724,-0.10961821675300598,0.5357207655906677,0.5030498504638672,-0.15253432095050812,0.5937119126319885,0.6866177320480347,-0.12871138751506805,0.6167330145835876,0.6296448707580566,-0.1906554102897644,0.6066045761108398,0.575835645198822,-0.2229980230331421,0.5942750573158264,0.5355072617530823,-0.24185186624526978,0.5609961152076721,0.7368444204330444,-0.1431170403957367,0.5486167073249817,0.5936567783355713,-0.2117851972579956,0.5170865654945374,0.49569523334503174,-0.2349294275045395,0.4959374666213989,0.43886005878448486,-0.24856305122375488,0.5162403583526611,0.7681131958961487,-0.15603899955749512,0.4968711733818054,0.6102587580680847,-0.21931983530521393,0.4759986996650696,0.5199106931686401,-0.23176948726177216,0.46197161078453064,0.47146981954574585,-0.23524892330169678,0.4704720377922058,0.781432569026947,-0.1682051718235016,0.46096834540367126,0.6818907260894775,-0.21727842092514038,0.45378342270851135,0.6356324553489685,-0.22733795642852783,0.4505792558193207,0.6164242029190063,-0.2310188114643097,C
0.47271475195884705,0.7906018495559692,3.873403642273843e-08,0.5214418172836304,0.6995627284049988,-0.016786690801382065,0.547844648361206,0.6170614957809448,-0.05553168058395386,0.5425646305084229,0.5544489026069641,-0.09228505939245224,0.527449905872345,0.5063372850418091,-0.13344740867614746,0.5902330875396729,0.6897005438804626,-0.12392175942659378,0.6127312183380127,0.6220381259918213,-0.1800493746995926,0.6046904921531677,0.5679916739463806,-0.203974187374115,0.5971735119819641,0.536017119884491,-0.21659636497497559,0.5548474192619324,0.7389461398124695,-0.14167745411396027,0.5436492562294006,0.574251115322113,-0.20086422562599182,0.5098645687103271,0.4745372533798218,-0.20987072587013245,0.4875011742115021,0.42782410979270935,-0.21297326683998108,0.5075446963310242,0.7677832841873169,-0.15715837478637695,0.4889610707759857,0.5859748125076294,-0.21412351727485657,0.46747249364852905,0.4905334413051605,-0.21461090445518494,0.4537341594696045,0.45038777589797974,-0.20920436084270477,0.4611780643463135,0.7784945964813232,-0.17108628153800964,0.4548874795436859,0.6719450354576111,-0.21744810044765472,0.4500199258327484,0.6279726028442383,-0.22160203754901886,0.4472605586051941,0.6190387010574341,-0.21971820294857025,C
0.4817633628845215,0.7448650002479553,-1.0731340438496773e-07,0.5468516945838928,0.7243143320083618,-0.0466286763548851,0.5949594974517822,0.6870798468589783,-0.07977379113435745,0.605773389339447,0.6305307745933533,-0.10685104131698608,0.5916486978530884,0.5683616995811462,-0.13774603605270386,0.5700546503067017,0.7158504724502563,-0.09416648745536804,0.5874403715133667,0.6499159932136536,-0.14456556737422943,0.5735422372817993,0.5793590545654297,-0.18028925359249115,0.5540292263031006,0.5187896490097046,-0.20183296501636505,0.5246260166168213,0.719894528388977,-0.0916539877653122,0.5153431296348572,0.5942360758781433,-0.14175482094287872,0.4936092793941498,0.5125819444656372,-0.1727823168039322,0.4818389117717743,0.4633801579475403,-0.19542473554611206,0.4826831519603729,0.722008228302002,-0.09103123843669891,0.47530558705329895,0.6125744581222534,-0.14139460027217865,0.46815916895866394,0.5430540442466736,-0.16560138761997223,0.46305185556411743,0.5049247145652771,-0.17970961332321167,0.4495091438293457,0.7341335415840149,-0.09215589612722397,0.44790738821029663,0.6812976598739624,-0.13316364586353302,0.44789955019950867,0.6666724681854248,-0.14883464574813843,0.4480218291282654,0.6657740473747253,-0.15901146829128265,C
0.4546411335468292,0.6849393844604492,-1.4313515350750095e-07,0.5133374929428101,0.5550674200057983,-0.014119429513812065,0.5466163754463196,0.47219693660736084,-0.06739764660596848,0.5641981363296509,0.40211382508277893,-0.12231370806694031,0.5786586999893188,0.31524157524108887,-0.17523673176765442,0.6019623875617981,0.613319993019104,-0.15450367331504822,0.6463600397109985,0.6175758242607117,-0.23489071428775787,0.6344853043556213,0.5402722954750061,-0.25234755873680115,0.6132128238677979,0.487126886844635,-0.2543672025203705,0.5643964409828186,0.6562067270278931,-0.18417976796627045,0.5758774876594543,0.5331054925918579,-0.27786144614219666,0.5369061827659607,0.4216771125793457,-0.2686389088630676,0.5145228505134583,0.39005449414253235,-0.24846845865249634,0.518898606300354,0.6844356656074524,-0.21409918367862701,0.5111826658248901,0.549789309501648,-0.3000596761703491,0.48947006464004517,0.44604018330574036,-0.27904966473579407,0.4753684401512146,0.4159286618232727,-0.25108978152275085,0.47532153129577637,0.7034617066383362,-0.2428129017353058,0.4737967252731323,0.6309162974357605,-0.31516486406326294,0.47324138879776,0.5822774171829224,-0.32132449746131897,0.4700848460197449,0.5784714818000793,-0.31438106298446655,C
0.4562261998653412,0.6598004102706909,-2.975527024773328e-08,0.5119005441665649,0.5364587903022766,-0.023770771920681,0.5448891520500183,0.456964373588562,-0.08052271604537964,0.5602984428405762,0.3893013596534729,-0.13690103590488434,0.5716316103935242,0.3046953082084656,-0.19175836443901062,0.6017837524414062,0.5956536531448364,-0.15778836607933044,0.64067143201828,0.6036539673805237,-0.2394082099199295,0.6294087767601013,0.526131808757782,-0.2625078856945038,0.6076198220252991,0.47257599234580994,-0.2693420946598053,0.5635872483253479,0.6407049894332886,-0.18274571001529694,0.573577880859375,0.5214208364486694,-0.2761455476284027,0.5372555255889893,0.41150712966918945,-0.27266114950180054,0.5183647274971008,0.37829169631004333,-0.2575860619544983,0.5170250535011292,0.6704196929931641,-0.20833741128444672,0.5076655149459839,0.5405157804489136,-0.29216352105140686,0.48885366320610046,0.4392814636230469,-0.2727360129356384,0.47932249307632446,0.41030779480934143,-0.2470395565032959,0.47178781032562256,0.68958580493927,-0.23377498984336853,0.4703477621078491,0.6180129051208496,-0.3019096553325653,0.46875959634780884,0.5709168910980225,-0.3051163852214813,0.46722736954689026,0.5702545046806335,-0.2972204089164734,C
0.4542091488838196,0.651896595954895,-2.634633062825742e-07,0.5039094090461731,0.5392939448356628,-0.031036019325256348,0.5437780022621155,0.45821505784988403,-0.07062964886426926,0.5640458464622498,0.39038705825805664,-0.1061948612332344,0.582036018371582,0.3161714971065521,-0.14125525951385498,0.5968581438064575,0.5992066860198975,-0.13106738030910492,0.6396598815917969,0.6139319539070129,-0.19693173468112946,0.6322426795959473,0.5453227162361145,-0.2227027267217636,0.6122288107872009,0.48886239528656006,-0.23527121543884277,0.5674280524253845,0.6573705673217773,-0.14336352050304413,0.5671231150627136,0.5264913439750671,-0.2209809124469757,0.532569169998169,0.41855067014694214,-0.23237332701683044,0.5074828267097473,0.37830135226249695,-0.23316669464111328,0.5218831896781921,0.6966052651405334,-0.15631788969039917,0.5083640217781067,0.5516088604927063,-0.22752629220485687,0.4881182312965393,0.4561476409435272,-0.22594551742076874,0.47458139061927795,0.42240434885025024,-0.2165071964263916,0.47490301728248596,0.7199452519416809,-0.16935279965400696,0.46758100390434265,0.6250575184822083,-0.23123973608016968,0.46505746245384216,0.5709017515182495,-0.24238522350788116,0.46630769968032837,0.5570954084396362,-0.24264803528785706,C
0.4587453305721283,0.6481626629829407,-4.1141819906442834e-07,0.5028244853019714,0.5350220799446106,-0.029063981026411057,0.5513864755630493,0.4555348753929138,-0.05384031683206558,0.5737613439559937,0.3881130814552307,-0.0760549008846283,0.5880464911460876,0.31999045610427856,-0.09619578719139099,0.5980484485626221,0.603130578994751,-0.08072198927402496,0.641569972038269,0.6227346062660217,-0.12655597925186157,0.6296650767326355,0.5534501075744629,-0.14253917336463928,0.6068630814552307,0.49556100368499756,-0.14953412115573883,0.5716859698295593,0.6629772186279297,-0.08593855798244476,0.5648049712181091,0.5272759795188904,-0.14348728954792023,0.5280824303627014,0.4211151599884033,-0.15318936109542847,0.5061393976211548,0.383293092250824,-0.1531745046377182,0.528658926486969,0.6990875005722046,-0.09365787357091904,0.5109155774116516,0.5510441064834595,-0.14976850152015686,0.4852217137813568,0.45296794176101685,-0.15038016438484192,0.4691002070903778,0.41235852241516113,-0.14207471907138824,0.48478952050209045,0.7182424664497375,-0.10216306149959564,0.47290700674057007,0.6291271448135376,-0.1529538482427597,0.465829461812973,0.5883989334106445,-0.1634758859872818,0.46348077058792114,0.5833190083503723,-0.16241024434566498,C
0.46093547344207764,0.6425001621246338,-4.144559682117688e-07,0.5065836310386658,0.5183626413345337,-0.028404124081134796,0.5553438067436218,0.44148698449134827,-0.05337370187044144,0.576843798160553,0.3800995349884033,-0.0774703398346901,0.5885465741157532,0.3132180869579315,-0.10023851692676544,0.5989997386932373,0.5854809880256653,-0.07102007418870926,0.6376751065254211,0.6052312254905701,-0.1143244206905365,0.6270630359649658,0.5465142130851746,-0.13254110515117645,0.6079638004302979,0.49617236852645874,-0.14190936088562012,0.573738157749176,0.6529663801193237,-0.07743073254823685,0.5546798706054688,0.5237926244735718,-0.12720994651317596,0.5183669924736023,0.42104262113571167,-0.1363276243209839,0.5043218731880188,0.38750332593917847,-0.13770636916160583,0.5304428935050964,0.6955472230911255,-0.08695387095212936,0.5033790469169617,0.5559293627738953,-0.13594850897789001,0.4795546531677246,0.465955913066864,-0.13429731130599976,0.4709968566894531,0.43607911467552185,-0.1262717843055725,0.486432820558548,0.7220966815948486,-0.09811367094516754,0.4718453884124756,0.6351905465126038,-0.1404866725206375,0.4645288586616516,0.5902867317199707,-0.14529350399971008,0.46401023864746094,0.5857280492782593,-0.14173679053783417,C
0.45323583483695984,0.6670679450035095,-4.752052973344689e-07,0.49898549914360046,0.5357660055160522,-0.02510918863117695,0.5493127703666687,0.44746965169906616,-0.04906241595745087,0.576836347579956,0.37072786688804626,-0.07128048688173294,0.6019635796546936,0.2893097400665283,-0.09240544587373734,0.596118688583374,0.5918482542037964,-0.08060907572507858,0.6385058164596558,0.5988423228263855,-0.12559400498867035,0.6270406246185303,0.533782422542572,-0.14368261396884918,0.6069924235343933,0.4773389995098114,-0.15291786193847656,0.5693997144699097,0.6575738191604614,-0.08768805861473083,0.5552430748939514,0.5148618817329407,-0.13869498670101166,0.519867479801178,0.41320937871932983,-0.14651650190353394,0.4980042576789856,0.37652501463890076,-0.1482454538345337,0.5239558219909668,0.6990680694580078,-0.09700194746255875,0.49975085258483887,0.5478338003158569,-0.1460656076669693,0.47829052805900574,0.46033716201782227,-0.14441008865833282,0.46584415435791016,0.42475324869155884,-0.1378282904624939,0.47742462158203125,0.7222816348075867,-0.10721679031848907,0.4642302691936493,0.6411852836608887,-0.15146157145500183,0.46071839332580566,0.6048685312271118,-0.15942373871803284,0.46171146631240845,0.6000852584838867,-0.15895278751850128,C
0.455961138010025,0.6755051016807556,-1.236772249058049e-07,0.5090891122817993,0.5413493514060974,-0.015497110784053802,0.5491176843643188,0.45407167077064514,-0.06610175967216492,0.5753114223480225,0.3750573396682739,-0.11614210903644562,0.603756308555603,0.27489495277404785,-0.16524554789066315,0.5976302623748779,0.5991610288619995,-0.16043666005134583,0.6359844207763672,0.5916314721107483,-0.23166874051094055,0.6233010292053223,0.5177189707756042,-0.24509458243846893,0.6020877957344055,0.4695470929145813,-0.24642105400562286,0.5607746243476868,0.6481491327285767,-0.18578705191612244,0.562473714351654,0.5144802331924438,-0.2629889249801636,0.5317674279212952,0.4171867072582245,-0.24910996854305267,0.5156559348106384,0.3951413035392761,-0.23103977739810944,0.5138943791389465,0.6811760663986206,-0.209783673286438,0.49539050459861755,0.5288158059120178,-0.2791193425655365,0.4792395234107971,0.4280925393104553,-0.2507556974887848,0.4705517888069153,0.40203189849853516,-0.22375008463859558,0.4688403010368347,0.6988103985786438,-0.23330028355121613,0.460896372795105,0.6199473738670349,-0.2964131534099579,0.4624355435371399,0.5914561152458191,-0.2970341145992279,0.46415090560913086,0.6103588938713074,-0.2887432277202606,C
0.4585988223552704,0.6745604276657104,-6.567572086169093e-08,0.5116418600082397,0.5367469787597656,-0.016759434714913368,0.5515929460525513,0.4506216049194336,-0.06969369202852249,0.5771792531013489,0.37454915046691895,-0.12072525173425674,0.6066451668739319,0.2743728756904602,-0.17163881659507751,0.5998546481132507,0.5927237272262573,-0.172994464635849,0.6387813687324524,0.5956502556800842,-0.25184398889541626,0.6282972097396851,0.5238635540008545,-0.27508893609046936,0.6084278225898743,0.47347715497016907,-0.28388363122940063,0.5626601576805115,0.6434615850448608,-0.19967156648635864,0.562163233757019,0.5270751118659973,-0.28811216354370117,0.536479651927948,0.42537787556648254,-0.2876307964324951,0.5213042497634888,0.39554765820503235,-0.2799302637577057,0.5140764117240906,0.6799898743629456,-0.2236855924129486,0.49722495675086975,0.5418891906738281,-0.3039802610874176,0.4852251410484314,0.4436030983924866,-0.28902754187583923,0.4805881381034851,0.417417049407959,-0.270821750164032,0.46720075607299805,0.7018682956695557,-0.2457701712846756,0.46002787351608276,0.6215134263038635,-0.3119771182537079,0.461434006690979,0.5870792865753174,-0.31611332297325134,0.46394506096839905,0.6010766625404358,-0.31206536293029785,C
0.4612271785736084,0.6713306903839111,-2.1536280314649048e-08,0.5193594098091125,0.5373771786689758,-0.012865323573350906,0.5607945322990417,0.45191463828086853,-0.06236960366368294,0.5878479480743408,0.37323760986328125,-0.11005711555480957,0.6184863448143005,0.2761235535144806,-0.15690158307552338,0.6027927398681641,0.5911019444465637,-0.16666820645332336,0.6377575993537903,0.5861731171607971,-0.24072597920894623,0.6274168491363525,0.5207954049110413,-0.2593938112258911,0.6142070889472961,0.47668328881263733,-0.2653893828392029,0.5658817291259766,0.6395708322525024,-0.19314248859882355,0.5602293014526367,0.5122653841972351,-0.27549633383750916,0.5352421402931213,0.41906213760375977,-0.268037348985672,0.5205646753311157,0.39458757638931274,-0.25556543469429016,0.5178444385528564,0.6719128489494324,-0.21667490899562836,0.49301648139953613,0.5213431119918823,-0.28842097520828247,0.47985056042671204,0.4282345175743103,-0.2630000710487366,0.4750820994377136,0.40299129486083984,-0.23838570713996887,0.4717889130115509,0.6900690793991089,-0.23900790512561798,0.4593265652656555,0.6123383641242981,-0.29845014214515686,0.46272724866867065,0.5859774351119995,-0.296543151140213,0.46841269731521606,0.6013622879981995,-0.28788134455680847,C
0.45834967494010925,0.6605810523033142,-7.199056994977582e-08,0.5156222581863403,0.533210813999176,-0.01767205260694027,0.563785195350647,0.4523102343082428,-0.06624942272901535,0.5974396467208862,0.38947510719299316,-0.11335138976573944,0.6401786804199219,0.31379222869873047,-0.15947496891021729,0.5965725183486938,0.5873242020606995,-0.16292327642440796,0.6385843753814697,0.5952783823013306,-0.24005483090877533,0.627122700214386,0.5222036242485046,-0.26410800218582153,0.6079705357551575,0.4647148847579956,-0.2744855582714081,0.5601879954338074,0.6353008151054382,-0.19029094278812408,0.5633556246757507,0.516620934009552,-0.281176894903183,0.5351312160491943,0.41383856534957886,-0.2872050702571869,0.518733024597168,0.3776654005050659,-0.2836684286594391,0.5139015316963196,0.6696038842201233,-0.21538543701171875,0.5005730986595154,0.5366730690002441,-0.29530051350593567,0.4846588373184204,0.43412089347839355,-0.28328779339790344,0.47589778900146484,0.3969443738460541,-0.26721665263175964,0.4680998623371124,0.6888328194618225,-0.23929044604301453,0.46164631843566895,0.6240509152412415,-0.3063778281211853,0.46263444423675537,0.5840075612068176,-0.31335678696632385,0.4642403721809387,0.5829533934593201,-0.3109000027179718,C
0.4601523280143738,0.6767594218254089,6.305468502887379e-08,0.5177120566368103,0.5586434602737427,-0.02663944661617279,0.5579305291175842,0.48566189408302307,-0.08253932744264603,0.5762471556663513,0.4352482557296753,-0.13773438334465027,0.5925464630126953,0.3806574046611786,-0.19292718172073364,0.600451648235321,0.5981240272521973,-0.16070929169654846,0.6395850777626038,0.5945568680763245,-0.2412826120853424,0.6289675831794739,0.5253862142562866,-0.27033594250679016,0.6122269630432129,0.4738196134567261,-0.283278226852417,0.5630670189857483,0.6420971751213074,-0.18596094846725464,0.5537735223770142,0.5258903503417969,-0.28020456433296204,0.5319846272468567,0.42865389585494995,-0.29379895329475403,0.5257249474525452,0.3866434693336487,-0.29438140988349915,0.5163515210151672,0.6763961315155029,-0.21032285690307617,0.4977959990501404,0.5420934557914734,-0.29162541031837463,0.4855845868587494,0.4485712945461273,-0.2856082618236542,0.4824467897415161,0.41250643134117126,-0.27277693152427673,0.47042691707611084,0.6982473134994507,-0.23476900160312653,0.4640282988548279,0.6245769262313843,-0.2973678708076477,0.46116960048675537,0.5888276696205139,-0.3027462959289551,0.4630047082901001,0.5892172455787659,-0.2995355427265167,C
0.4574539065361023,0.6855828166007996,1.1861909143817684e-07,0.5126757621765137,0.5805580615997314,-0.024854855611920357,0.5445740818977356,0.5201887488365173,-0.08245197683572769,0.5568167567253113,0.4775106608867645,-0.13987909257411957,0.5555749535560608,0.4433854818344116,-0.19798710942268372,0.5963714122772217,0.6111140847206116,-0.15431423485279083,0.6362603902816772,0.6023625731468201,-0.22893378138542175,0.6241634488105774,0.5257781147956848,-0.25224733352661133,0.6052234172821045,0.4683472812175751,-0.2609177827835083,0.5578906536102295,0.6479496359825134,-0.1795663833618164,0.5634589791297913,0.5310395956039429,-0.2646265923976898,0.539508581161499,0.43267515301704407,-0.27040189504623413,0.528941810131073,0.39066824316978455,-0.2655164301395416,0.5123502612113953,0.6739010810852051,-0.20418275892734528,0.4982929825782776,0.5372745394706726,-0.27746325731277466,0.48409074544906616,0.4403885006904602,-0.26817405223846436,0.4785894751548767,0.40035730600357056,-0.25388962030410767,0.46788153052330017,0.6879863142967224,-0.22918309271335602,0.46252766251564026,0.6137039661407471,-0.2836071252822876,0.4603506326675415,0.5770006775856018,-0.28575828671455383,0.46273502707481384,0.5740286111831665,-0.281501442193985,C
0.4551868736743927,0.6938559412956238,1.6705712369002867e-07,0.5137130618095398,0.5872523188591003,-0.01570686139166355,0.5433940291404724,0.5290805101394653,-0.07307016104459763,0.5526798367500305,0.4869403839111328,-0.1307050883769989,0.5468991994857788,0.4431297183036804,-0.18967150151729584,0.5943042635917664,0.6082189083099365,-0.1608230322599411,0.6320586800575256,0.5944581627845764,-0.23083287477493286,0.6203752160072327,0.5182535648345947,-0.2451716512441635,0.5970085263252258,0.46686118841171265,-0.24654190242290497,0.5520704984664917,0.6446173787117004,-0.1886899471282959,0.5566230416297913,0.5249009132385254,-0.2701151967048645,0.5278292894363403,0.423164963722229,-0.2647656500339508,0.5095036029815674,0.3795207142829895,-0.2504248023033142,0.5047769546508789,0.6690191030502319,-0.21379497647285461,0.49315086007118225,0.5345461964607239,-0.2852383255958557,0.47974056005477905,0.4363064169883728,-0.26571622490882874,0.469946026802063,0.3977782130241394,-0.24238401651382446,0.4599979519844055,0.6830102205276489,-0.23787836730480194,0.45772168040275574,0.6087933778762817,-0.29029032588005066,0.458208829164505,0.5789439678192139,-0.285148561000824,0.45881298184394836,0.5870795845985413,-0.27380117774009705,C
0.45732206106185913,0.690706729888916,7.811811997271434e-08,0.5137255787849426,0.5931124091148376,-0.016185274347662926,0.5463892221450806,0.5376903414726257,-0.06747786700725555,0.5573334693908691,0.49554771184921265,-0.11788660287857056,0.553627610206604,0.45039087533950806,-0.16936159133911133,0.5933783650398254,0.6115382313728333,-0.15275894105434418,0.634253203868866,0.5993183255195618,-0.21776168048381805,0.620948314666748,0.520224392414093,-0.2304747849702835,0.5978041887283325,0.47100237011909485,-0.23149313032627106,0.5546360611915588,0.6460084915161133,-0.17693524062633514,0.5591254830360413,0.5239132642745972,-0.25375932455062866,0.5304960608482361,0.4179753065109253,-0.25083738565444946,0.5125108957290649,0.3785930573940277,-0.23940370976924896,0.5092781782150269,0.6677860021591187,-0.19838115572929382,0.49624937772750854,0.5272096395492554,-0.26726800203323364,0.4815584123134613,0.4290428161621094,-0.2530335485935211,0.47306761145591736,0.39966773986816406,-0.23419839143753052,0.46658241748809814,0.679297685623169,-0.2185324728488922,0.45944133400917053,0.5961627960205078,-0.2712920606136322,0.4565129578113556,0.5718552470207214,-0.2704569399356842,0.45626622438430786,0.5916023850440979,-0.2625647187232971,C
0.45815014839172363,0.6921714544296265,7.426444881275529e-08,0.51328045129776,0.5972815155982971,-0.019844448193907738,0.5480943322181702,0.5426571369171143,-0.07069995999336243,0.5580772161483765,0.499643474817276,-0.12012286484241486,0.5539432168006897,0.4570975601673126,-0.1704501211643219,0.592946469783783,0.6149765849113464,-0.1514231562614441,0.6349043846130371,0.5996482968330383,-0.21716879308223724,0.6201633214950562,0.5194739103317261,-0.23104749619960785,0.5976424217224121,0.4688505232334137,-0.23246483504772186,0.5546890497207642,0.6507184505462646,-0.17312468588352203,0.5589726567268372,0.5239301323890686,-0.24794261157512665,0.533143162727356,0.42201346158981323,-0.24530990421772003,0.5185422301292419,0.384986013174057,-0.23433604836463928,0.5092656016349792,0.672014594078064,-0.19300343096256256,0.4968894422054291,0.5244251489639282,-0.26079070568084717,0.48349517583847046,0.42678797245025635,-0.2481229305267334,0.476890504360199,0.39795541763305664,-0.23021823167800903,0.4664856791496277,0.6814707517623901,-0.21199390292167664,0.46100112795829773,0.5956873893737793,-0.2642473578453064,0.4597129225730896,0.5674425959587097,-0.2648446261882782,0.46062448620796204,0.5833030343055725,-0.2578660547733307,C
0.4582379162311554,0.6843277812004089,1.4071608234189625e-07,0.512184739112854,0.5847711563110352,-0.0218477975577116,0.5447988510131836,0.5255438089370728,-0.07770994305610657,0.5554056167602539,0.4879179000854492,-0.13240593671798706,0.5521538257598877,0.4478829503059387,-0.1880493015050888,0.593378484249115,0.610187828540802,-0.16084475815296173,0.634170651435852,0.5976686477661133,-0.23323670029640198,0.6210062503814697,0.5207040309906006,-0.25373756885528564,0.5993743538856506,0.4668557643890381,-0.2605080008506775,0.5528827905654907,0.6448951959609985,-0.18578870594501495,0.5593739748001099,0.5339455604553223,-0.2729986608028412,0.531180202960968,0.4274188280105591,-0.2803248167037964,0.513975977897644,0.37976112961769104,-0.27581581473350525,0.5072925090789795,0.6669939756393433,-0.20814022421836853,0.4962098300457001,0.5398010015487671,-0.28515708446502686,0.48198655247688293,0.4381450414657593,-0.2794289290904999,0.4726927578449249,0.39729809761047363,-0.2657582461833954,0.4632202684879303,0.6784355640411377,-0.22935160994529724,0.4601973593235016,0.611144483089447,-0.2853386402130127,0.4589144289493561,0.5798836946487427,-0.2882254421710968,0.4580307602882385,0.5855708718299866,-0.2836693525314331,C
0.45223456621170044,0.6960837841033936,9.046225812880948e-08,0.5041676163673401,0.580277681350708,-0.017381463199853897,0.535327672958374,0.5236908793449402,-0.06996720284223557,0.545811116695404,0.4833742082118988,-0.12295417487621307,0.5469415783882141,0.4410930275917053,-0.17715032398700714,0.5895084142684937,0.6198368668556213,-0.1466018259525299,0.6326070427894592,0.6119861602783203,-0.21398615837097168,0.6231116056442261,0.531613826751709,-0.2310086339712143,0.6013510227203369,0.4745011031627655,-0.2348385900259018,0.552095890045166,0.6595293283462524,-0.17181088030338287,0.5581181645393372,0.5346744656562805,-0.24856819212436676,0.527510404586792,0.4265984892845154,-0.24842789769172668,0.5097559094429016,0.3809758424758911,-0.23877032101154327,0.5069795846939087,0.6851730346679688,-0.195267915725708,0.49731576442718506,0.5446322560310364,-0.2651903033256531,0.48000773787498474,0.4413207173347473,-0.25380343198776245,0.4688619375228882,0.4029461741447449,-0.23636046051979065,0.46337154507637024,0.6969277858734131,-0.21771498024463654,0.4597146213054657,0.6164537668228149,-0.2730688750743866,0.458377480506897,0.5800079107284546,-0.27471306920051575,0.45840778946876526,0.5867211222648621,-0.26780351996421814,C
0.4437987804412842,0.6726795434951782,-3.7646731243512477e-07,0.49572789669036865,0.5731263756752014,-0.016354922205209732,0.5359612703323364,0.5304030179977417,-0.0383305586874485,0.5573069453239441,0.503684937953949,-0.059061210602521896,0.5696117281913757,0.4740716218948364,-0.0806601420044899,0.5883730053901672,0.6372262239456177,-0.0768992230296135,0.6296820044517517,0.6127758622169495,-0.11687508225440979,0.6183072328567505,0.5425606966018677,-0.13160564005374908,0.5972073078155518,0.4928154945373535,-0.13745205104351044,0.559197187423706,0.6878259181976318,-0.08658957481384277,0.5575274229049683,0.5386884808540344,-0.13013596832752228,0.5243840217590332,0.43743544816970825,-0.13572034239768982,0.4987645447254181,0.39506977796554565,-0.1356174349784851,0.5138806700706482,0.7134071588516235,-0.09649680554866791,0.5025568008422852,0.5514999628067017,-0.13985781371593475,0.48185378313064575,0.45643317699432373,-0.1392248123884201,0.4659527540206909,0.4158930778503418,-0.1326671987771988,0.46649548411369324,0.7211499214172363,-0.10606278479099274,0.46643614768981934,0.6228229999542236,-0.1431734710931778,0.46427127718925476,0.5708781480789185,-0.14699077606201172,0.4633788466453552,0.553335964679718,-0.14351379871368408,C
0.4570649564266205,0.6367820501327515,-3.4987704111699713e-07,0.5021924376487732,0.5782219171524048,-0.02537434920668602,0.5469022393226624,0.5290108323097229,-0.04994286969304085,0.5696493983268738,0.48369017243385315,-0.07355256378650665,0.5815238952636719,0.4563034474849701,-0.09621649235486984,0.5962981581687927,0.6275041103363037,-0.06932485848665237,0.6335510015487671,0.6292054653167725,-0.1163562685251236,0.632105827331543,0.5883896946907043,-0.13835744559764862,0.62049800157547,0.5535984635353088,-0.14869609475135803,0.5703374147415161,0.6941239237785339,-0.0763917937874794,0.5614421367645264,0.5417770743370056,-0.13135333359241486,0.5235198140144348,0.43944281339645386,-0.1386813521385193,0.4960700273513794,0.39959609508514404,-0.13479888439178467,0.5245857834815979,0.7310402393341064,-0.08646484464406967,0.5071086883544922,0.5733712911605835,-0.13561631739139557,0.4847935438156128,0.4849231243133545,-0.12829047441482544,0.470018208026886,0.45011284947395325,-0.113697849214077,0.4766530394554138,0.7437113523483276,-0.09830544143915176,0.46668878197669983,0.6506127715110779,-0.13661101460456848,0.4638354182243347,0.5953397154808044,-0.13600292801856995,0.4637923240661621,0.575385570526123,-0.12700462341308594,C
0.4735405445098877,0.6605266332626343,-3.672904824725265e-07,0.5203942656517029,0.6015447974205017,-0.024442428722977638,0.5626983046531677,0.5499056577682495,-0.05094387009739876,0.5751529335975647,0.5052763223648071,-0.07690200954675674,0.5709300637245178,0.4736655354499817,-0.10128890722990036,0.6039401888847351,0.6478553414344788,-0.07606407254934311,0.6417257785797119,0.6582692861557007,-0.11998825520277023,0.6360652446746826,0.604922890663147,-0.13627007603645325,0.6189690828323364,0.5536550283432007,-0.142862468957901,0.575609564781189,0.7086391448974609,-0.08433488011360168,0.5619043707847595,0.5578174591064453,-0.14126357436180115,0.5276422500610352,0.4568045735359192,-0.1482197344303131,0.5047257542610168,0.4164637327194214,-0.14410202205181122,0.5285025835037231,0.7403604984283447,-0.09424041956663132,0.5093046426773071,0.5880045294761658,-0.14389711618423462,0.4879109561443329,0.5034590363502502,-0.13498175144195557,0.47518134117126465,0.46876174211502075,-0.1192752942442894,0.4812605381011963,0.7550902366638184,-0.10563938319683075,0.4746797978878021,0.663142204284668,-0.14247101545333862,0.4699889123439789,0.6065813302993774,-0.13791312277317047,0.4686782956123352,0.5821085572242737,-0.12617771327495575,C
0.48470616340637207,0.6654385328292847,-3.7063787772240175e-07,0.5213805437088013,0.6170600652694702,-0.025567753240466118,0.5544209480285645,0.5667678117752075,-0.04904064163565636,0.5621954798698425,0.5237966775894165,-0.07183630764484406,0.5556715130805969,0.5027965307235718,-0.09357324987649918,0.6096316576004028,0.6661952137947083,-0.06054842844605446,0.6439557075500488,0.6757550835609436,-0.09667767584323883,0.6371046304702759,0.6351384520530701,-0.11111629754304886,0.6216295957565308,0.5958493947982788,-0.1173425018787384,0.5835641026496887,0.7290593385696411,-0.06621861457824707,0.5657668113708496,0.5825651288032532,-0.11329212039709091,0.5327211618423462,0.48449456691741943,-0.12289731949567795,0.5098893642425537,0.43616676330566406,-0.12192917615175247,0.5392667055130005,0.7600311636924744,-0.07366590201854706,0.5141734480857849,0.6044559478759766,-0.11513599008321762,0.4917084276676178,0.523715615272522,-0.11144031584262848,0.4784514009952545,0.4840184152126312,-0.10096488893032074,0.49356943368911743,0.7713974714279175,-0.0828496441245079,0.4767664074897766,0.6624600291252136,-0.11332069337368011,0.46652138233184814,0.5992703437805176,-0.11013677716255188,0.4617008566856384,0.5664499402046204,-0.10061084479093552,C
0.482600599527359,0.6767418384552002,-4.603093088917376e-07,0.5155045390129089,0.6293029189109802,-0.023108163848519325,0.5494893193244934,0.5863346457481384,-0.043999508023262024,0.5632044672966003,0.5471909046173096,-0.0647321417927742,0.5643806457519531,0.5207694172859192,-0.08410616219043732,0.6048452854156494,0.6757418513298035,-0.05518076941370964,0.6447666883468628,0.6895143985748291,-0.09126560389995575,0.6404727101325989,0.6389392614364624,-0.10558818280696869,0.6244258880615234,0.5921952128410339,-0.11127139627933502,0.5810824036598206,0.7378878593444824,-0.06139039620757103,0.5667973756790161,0.6048851013183594,-0.1099109873175621,0.5327675342559814,0.5033199787139893,-0.11907926946878433,0.508956789970398,0.4572710394859314,-0.11683794111013412,0.5376213192939758,0.7698019742965698,-0.06963755190372467,0.5160031318664551,0.637124240398407,-0.11375529319047928,0.49394309520721436,0.5512285828590393,-0.10953764617443085,0.48087209463119507,0.5104886293411255,-0.09757762402296066,0.49123629927635193,0.7842662930488586,-0.07920131087303162,0.4745635986328125,0.6994588375091553,-0.11080630123615265,0.4641132652759552,0.6379297375679016,-0.10740011185407639,0.4589487612247467,0.6066641807556152,-0.09737474471330643,C
0.5058093667030334,0.7446965575218201,-5.172066153136257e-07,0.5389336943626404,0.7156925797462463,-0.02626635879278183,0.5597974061965942,0.6632489562034607,-0.05446399375796318,0.5653355121612549,0.6091201305389404,-0.07999797910451889,0.5642697811126709,0.5730555653572083,-0.10598085075616837,0.6173467040061951,0.7423179745674133,-0.06942139565944672,0.6039396524429321,0.6572887897491455,-0.10886284708976746,0.5701256394386292,0.5814303755760193,-0.13012541830539703,0.547365128993988,0.5278496146202087,-0.14099040627479553,0.5923925042152405,0.7823740243911743,-0.07438605278730392,0.5738357305526733,0.6601482033729553,-0.11536487936973572,0.5410047769546509,0.566402792930603,-0.12803584337234497,0.5221778750419617,0.518001914024353,-0.1330706775188446,0.5561859607696533,0.8080538511276245,-0.0800304263830185,0.5374903082847595,0.7009709477424622,-0.11784011870622635,0.512895405292511,0.622744083404541,-0.11662877351045609,0.5006498098373413,0.5882577300071716,-0.11075101792812347,0.5168887972831726,0.823017418384552,-0.08679670840501785,0.5034122467041016,0.7573992013931274,-0.11278873682022095,0.48907390236854553,0.7016029357910156,-0.10761894285678864,0.48333418369293213,0.6757323741912842,-0.09997542202472687,C
0.4674205183982849,0.5569295883178711,-2.1406273731372494e-07,0.5140780806541443,0.4738909602165222,-0.028887825086712837,0.5559104084968567,0.41710248589515686,-0.06673173606395721,0.5749366879463196,0.3789803683757782,-0.10320314019918442,0.5816783308982849,0.3470698893070221,-0.13819825649261475,0.600740373134613,0.5175341367721558,-0.11110333353281021,0.6403080224990845,0.5262734889984131,-0.1736604869365692,0.6311235427856445,0.4676398038864136,-0.19875484704971313,0.6137350797653198,0.4178725779056549,-0.21016354858875275,0.5739561319351196,0.5739978551864624,-0.1230485662817955,0.5631841421127319,0.4528978765010834,-0.1997210830450058,0.528751015663147,0.35305678844451904,-0.21088403463363647,0.5076347589492798,0.3159482479095459,-0.20844511687755585,0.5312690138816833,0.6104178428649902,-0.13654127717018127,0.5090316534042358,0.48081541061401367,-0.20204254984855652,0.48687657713890076,0.39141368865966797,-0.1952003538608551,0.4753190279006958,0.357077956199646,-0.1798480898141861,0.4881436228752136,0.6298606991767883,-0.15141096711158752,0.4800730347633362,0.5612643361091614,-0.2005872130393982,0.47607529163360596,0.5122853517532349,-0.20234805345535278,0.4775160849094391,0.494465172290802,-0.19513890147209167,C
0.45686519145965576,0.6119440197944641,-5.388694148678042e-07,0.5060514211654663,0.5212529301643372,-0.016013387590646744,0.5610546469688416,0.4646870791912079,-0.032710593193769455,0.596111536026001,0.41660988330841064,-0.04947257041931152,0.6192772388458252,0.37232986092567444,-0.06313472241163254,0.6048296689987183,0.5429172515869141,-0.06667999923229218,0.6473180055618286,0.5178629755973816,-0.1036367192864418,0.633076548576355,0.4453643262386322,-0.1070823073387146,0.6108516454696655,0.3999747633934021,-0.10411857068538666,0.5781418085098267,0.5913962721824646,-0.07515103369951248,0.5711346864700317,0.4232097864151001,-0.12204615026712418,0.5264843702316284,0.3352712094783783,-0.11592000722885132,0.5037503838539124,0.32559385895729065,-0.10361932218074799,0.5350192785263062,0.6198060512542725,-0.08571810275316238,0.5151516199111938,0.4522481858730316,-0.12960876524448395,0.48836198449134827,0.36889785528182983,-0.11742471903562546,0.47529202699661255,0.3528531789779663,-0.10128285735845566,0.49035653471946716,0.6364175081253052,-0.0972173660993576,0.4804360270500183,0.5578920841217041,-0.1332554966211319,0.4753793179988861,0.5141283869743347,-0.1353524774312973,0.4735240340232849,0.5070247650146484,-0.12954851984977722,C
0.457527756690979,0.6266407370567322,-2.847273208317347e-07,0.5161439180374146,0.5060808658599854,-0.008765333332121372,0.5570852160453796,0.44965046644210815,-0.04751992225646973,0.5820468664169312,0.4049910306930542,-0.08808191865682602,0.6002704501152039,0.3599624037742615,-0.1278611570596695,0.6050243377685547,0.5355383157730103,-0.1251370757818222,0.6439988017082214,0.5218090415000916,-0.18399690091609955,0.6294969320297241,0.4513052701950073,-0.19498108327388763,0.6059054136276245,0.39418065547943115,-0.19636213779449463,0.5743533968925476,0.5786126255989075,-0.15037357807159424,0.5692136287689209,0.4402098059654236,-0.22111289203166962,0.5323036313056946,0.3528977632522583,-0.21668799221515656,0.5067996978759766,0.3297051787376404,-0.20553365349769592,0.5304849743843079,0.6102424263954163,-0.17461739480495453,0.5119779706001282,0.472347617149353,-0.23809213936328888,0.4885365664958954,0.3874402344226837,-0.22539809346199036,0.47235310077667236,0.3586832582950592,-0.20909470319747925,0.48520252108573914,0.6331265568733215,-0.1980668604373932,0.47751903533935547,0.5679514408111572,-0.25163155794143677,0.473839670419693,0.5225995779037476,-0.2574770450592041,0.4703746438026428,0.5072409510612488,-0.25450828671455383,C
0.4610397219657898,0.6340349912643433,7.270832469430388e-08,0.5141628384590149,0.5126712322235107,-0.00649200240150094,0.5444499254226685,0.4646091163158417,-0.059118952602148056,0.5591375827789307,0.4256850481033325,-0.1159013956785202,0.5661933422088623,0.3820091485977173,-0.17325139045715332,0.6018775701522827,0.5343757271766663,-0.14150738716125488,0.6424033641815186,0.5163404941558838,-0.21169410645961761,0.6290674209594727,0.44615182280540466,-0.22598060965538025,0.6031530499458313,0.40057864785194397,-0.2264319509267807,0.563170313835144,0.5704612731933594,-0.17563040554523468,0.567749559879303,0.44822824001312256,-0.25790977478027344,0.5320239067077637,0.3621770739555359,-0.24825452268123627,0.5117103457450867,0.33408865332603455,-0.22844356298446655,0.5198202133178711,0.5995131731033325,-0.2085351198911667,0.5042756199836731,0.47397324442863464,-0.27958041429519653,0.48231077194213867,0.3899249732494354,-0.25522637367248535,0.46856677532196045,0.36252927780151367,-0.22670882940292358,0.47820061445236206,0.6216148734092712,-0.24083144962787628,0.47445183992385864,0.5470945239067078,-0.29291316866874695,0.47157585620880127,0.5082845687866211,-0.2868725061416626,0.4686979055404663,0.5095621347427368,-0.27321121096611023,C
0.45206326246261597,0.6188651919364929,4.585629298503591e-08,0.5114470720291138,0.4986981153488159,-0.00590239092707634,0.5432917475700378,0.4539799988269806,-0.05882744491100311,0.5601100325584412,0.4188880920410156,-0.11521495878696442,0.5706213712692261,0.3832024931907654,-0.17173172533512115,0.5986510515213013,0.5372673869132996,-0.14673495292663574,0.6386080980300903,0.5201269388198853,-0.21701006591320038,0.6258681416511536,0.4468011260032654,-0.2294674664735794,0.5987363457679749,0.3986606299877167,-0.22816653549671173,0.5580095648765564,0.5732460021972656,-0.17992030084133148,0.5669914484024048,0.452920526266098,-0.2608514428138733,0.533336341381073,0.3641629219055176,-0.24613626301288605,0.5110440850257874,0.3374885320663452,-0.2224845141172409,0.5125195980072021,0.5979234576225281,-0.2115239053964615,0.5015297532081604,0.4734150171279907,-0.2808550000190735,0.48117250204086304,0.3868110179901123,-0.2502022981643677,0.46571967005729675,0.35987991094589233,-0.21679359674453735,0.46929559111595154,0.6130703687667847,-0.24252162873744965,0.4689396321773529,0.5334826707839966,-0.29396840929985046,0.4678749144077301,0.48592469096183777,-0.2847088873386383,0.4635676443576813,0.4816123843193054,-0.26777130365371704,C
0.450778990983963,0.6034045219421387,-1.6302645633459178e-07,0.5144877433776855,0.5111889839172363,-0.011691669002175331,0.5482632517814636,0.4699547588825226,-0.05677838996052742,0.5688004493713379,0.4411856532096863,-0.1030132845044136,0.585086464881897,0.4060361385345459,-0.14859753847122192,0.5984814167022705,0.555965781211853,-0.1320255696773529,0.6398032307624817,0.5412575006484985,-0.20042172074317932,0.6314618587493896,0.46900278329849243,-0.218153715133667,0.6076787710189819,0.4119768738746643,-0.2207445651292801,0.5646342039108276,0.5890294909477234,-0.15808320045471191,0.5700260996818542,0.4606371819972992,-0.23224034905433655,0.5391265153884888,0.37372103333473206,-0.22276264429092407,0.5148981213569641,0.34701600670814514,-0.2049560844898224,0.5207787156105042,0.6103441715240479,-0.18430836498737335,0.510557234287262,0.4768841862678528,-0.24946865439414978,0.4921515882015228,0.40038537979125977,-0.226410910487175,0.4783403277397156,0.3771892786026001,-0.19969627261161804,0.47612014412879944,0.6261870861053467,-0.2105962038040161,0.47347724437713623,0.5406625270843506,-0.25943928956985474,0.46733391284942627,0.49532783031463623,-0.252683162689209,0.45875218510627747,0.48679402470588684,-0.23832152783870697,C
0.4491138160228729,0.5992863774299622,-3.7066261171503356e-08,0.5093541145324707,0.5137968063354492,-0.017693035304546356,0.5426126718521118,0.473662793636322,-0.07092311978340149,0.5596817135810852,0.44421589374542236,-0.1271037608385086,0.5642367601394653,0.4156562089920044,-0.18296311795711517,0.5935633778572083,0.5601237416267395,-0.1350865215063095,0.6351184844970703,0.5443706512451172,-0.2062663435935974,0.628485918045044,0.46644777059555054,-0.22303663194179535,0.6076350808143616,0.4093700051307678,-0.22512833774089813,0.5565398335456848,0.5882654786109924,-0.16344915330410004,0.5664523243904114,0.4697474241256714,-0.24527661502361298,0.5359482169151306,0.3773074746131897,-0.23805058002471924,0.5157455801963806,0.34784597158432007,-0.21960735321044922,0.5134327411651611,0.6087490916252136,-0.19305196404457092,0.5076723694801331,0.48708921670913696,-0.264382928609848,0.4893624782562256,0.4034378230571747,-0.2420356571674347,0.4761835038661957,0.3768143653869629,-0.21433134377002716,0.47075140476226807,0.6235712170600891,-0.22358454763889313,0.47374385595321655,0.5521947145462036,-0.27612799406051636,0.46981680393218994,0.5053690075874329,-0.27129748463630676,0.4629954993724823,0.49726730585098267,-0.2579810917377472,C
0.4602847397327423,0.5952698588371277,-1.0584571441540902e-07,0.516432523727417,0.5127245783805847,-0.026660598814487457,0.5520327687263489,0.46891143918037415,-0.07349512726068497,0.5703140497207642,0.444340318441391,-0.11945205926895142,0.5725504159927368,0.4181443452835083,-0.16566148400306702,0.5986050963401794,0.5563727617263794,-0.13056133687496185,0.6355723142623901,0.5441821217536926,-0.1979876160621643,0.6303611397743225,0.47619277238845825,-0.22085042297840118,0.6124768257141113,0.42062506079673767,-0.22922982275485992,0.5675771236419678,0.593680202960968,-0.14884153008460999,0.5657221078872681,0.46259769797325134,-0.22716936469078064,0.5333524942398071,0.3681999742984772,-0.23184719681739807,0.5067908763885498,0.3337383568286896,-0.22441908717155457,0.5253578424453735,0.6184291243553162,-0.16837038099765778,0.50965815782547,0.4785957932472229,-0.2372976690530777,0.490459680557251,0.39504045248031616,-0.23006771504878998,0.47574958205223083,0.36653244495391846,-0.21472898125648499,0.48247021436691284,0.633657693862915,-0.18887551128864288,0.47484853863716125,0.5478344559669495,-0.24100995063781738,0.47074976563453674,0.5072945952415466,-0.24483005702495575,0.46812888979911804,0.502330482006073,-0.23963052034378052,C
0.46069538593292236,0.5661400556564331,-3.386750790923543e-07,0.5064350366592407,0.4974416494369507,-0.02787395939230919,0.54998779296875,0.45292046666145325,-0.057628083974123,0.571560800075531,0.4167408049106598,-0.08454426378011703,0.5844173431396484,0.38828593492507935,-0.11032844334840775,0.5958946943283081,0.5525163412094116,-0.09583617001771927,0.6333774924278259,0.5484675168991089,-0.14534281194210052,0.6248435378074646,0.4776778221130371,-0.1611960083246231,0.6069778800010681,0.4210323095321655,-0.16649116575717926,0.5678262114524841,0.6022766828536987,-0.10308797657489777,0.5656446814537048,0.462477445602417,-0.16230621933937073,0.52826327085495,0.3706066906452179,-0.16766025125980377,0.5047896504402161,0.34272241592407227,-0.16330595314502716,0.525452196598053,0.6313077807426453,-0.11185210943222046,0.5117400884628296,0.4871741533279419,-0.1663798987865448,0.48700860142707825,0.39738142490386963,-0.1615886390209198,0.4729922413825989,0.3673206567764282,-0.14923006296157837,0.48155125975608826,0.6441300511360168,-0.12156947702169418,0.47882288694381714,0.5588556528091431,-0.16354209184646606,0.47156208753585815,0.5034365057945251,-0.1658458262681961,0.46787765622138977,0.4867415130138397,-0.16016411781311035,C
0.4657540023326874,0.5791707634925842,-7.322812223264918e-08,0.5134835243225098,0.4963805079460144,-0.024979479610919952,0.5459164381027222,0.44365236163139343,-0.07261796295642853,0.5546444654464722,0.405733585357666,-0.12083917111158371,0.5525089502334595,0.3680720627307892,-0.16850648820400238,0.5946224927902222,0.5461223125457764,-0.12856166064739227,0.6328908205032349,0.5599000453948975,-0.20245641469955444,0.6304171085357666,0.4959692656993866,-0.23374995589256287,0.6163844466209412,0.4447893500328064,-0.24913400411605835,0.5652710795402527,0.587042510509491,-0.14972443878650665,0.5674632787704468,0.4852582812309265,-0.239948108792305,0.5335271954536438,0.3849872946739197,-0.253031462430954,0.5111231803894043,0.354964017868042,-0.25041669607162476,0.5219581723213196,0.6148765087127686,-0.17163272202014923,0.5094496011734009,0.5057100653648376,-0.24924257397651672,0.4882146418094635,0.4112855792045593,-0.24187125265598297,0.4762708246707916,0.37957775592803955,-0.22472238540649414,0.47866687178611755,0.6308555603027344,-0.19409756362438202,0.4772946238517761,0.5749951601028442,-0.24991345405578613,0.4702426791191101,0.5149364471435547,-0.2500531077384949,0.465553343296051,0.4938296675682068,-0.2417125105857849,C
0.46634554862976074,0.5825579166412354,-3.801581627271844e-08,0.5181553959846497,0.5082666277885437,-0.023011337965726852,0.5497633218765259,0.4610462188720703,-0.07394952327013016,0.5613378286361694,0.4275308847427368,-0.12466558068990707,0.560246467590332,0.3958820700645447,-0.17409145832061768,0.5929476618766785,0.5517634749412537,-0.1407851129770279,0.6331839561462402,0.5593724250793457,-0.21424801647663116,0.6296703219413757,0.49067607522010803,-0.23698210716247559,0.6140578985214233,0.4420379102230072,-0.24476812779903412,0.5595194101333618,0.5844811201095581,-0.1628028303384781,0.5664384365081787,0.47318774461746216,-0.2504119277000427,0.5315259695053101,0.3783653974533081,-0.24942906200885773,0.5089856386184692,0.35603731870651245,-0.23566505312919617,0.5166453719139099,0.6065666079521179,-0.18532373011112213,0.5082346796989441,0.4895833134651184,-0.2601660192012787,0.4879329204559326,0.4027629792690277,-0.24145282804965973,0.4763585031032562,0.38254398107528687,-0.21634997427463531,0.47438475489616394,0.6224914193153381,-0.20833009481430054,0.4753046929836273,0.5599454641342163,-0.2621925175189972,0.4685268700122833,0.5077790021896362,-0.25840339064598083,0.46240562200546265,0.4993022680282593,-0.24687834084033966,C
0.46736669540405273,0.5808870196342468,-7.259731926723134e-09,0.5194852948188782,0.5096833109855652,-0.02716981992125511,0.5527105927467346,0.45986226201057434,-0.07973728328943253,0.5652911067008972,0.4259926378726959,-0.13139979541301727,0.5695433020591736,0.3899419903755188,-0.18185415863990784,0.5932697057723999,0.5492942333221436,-0.14357779920101166,0.6327292919158936,0.5589103102684021,-0.21744075417518616,0.627895176410675,0.49375423789024353,-0.24142426252365112,0.6129509806632996,0.445015013217926,-0.2502618134021759,0.5592851042747498,0.5823220014572144,-0.16451890766620636,0.5642366409301758,0.4749199151992798,-0.25135913491249084,0.532127857208252,0.37583044171333313,-0.25318443775177,0.5133328437805176,0.34527885913848877,-0.24230104684829712,0.5165174603462219,0.6040747165679932,-0.1860998570919037,0.5086637735366821,0.48949116468429565,-0.2590964138507843,0.49075159430503845,0.4017409086227417,-0.24079737067222595,0.4827057719230652,0.37920230627059937,-0.21711818873882294,0.47463923692703247,0.6187090277671814,-0.20879286527633667,0.47628888487815857,0.5520219206809998,-0.2618972361087799,0.46992066502571106,0.49985894560813904,-0.2578074336051941,0.46622976660728455,0.4905116856098175,-0.24635089933872223,C
0.46825724840164185,0.5824655294418335,9.94956792510493e-08,0.5213629007339478,0.5037801265716553,-0.02941621094942093,0.5507333874702454,0.45496895909309387,-0.08767788857221603,0.561252772808075,0.42380428314208984,-0.14501050114631653,0.5589561462402344,0.3912556767463684,-0.20117045938968658,0.5949293375015259,0.5476232171058655,-0.15130507946014404,0.6328755617141724,0.5605527758598328,-0.22856679558753967,0.6302202939987183,0.49439653754234314,-0.2528506815433502,0.6152707934379578,0.44618886709213257,-0.2606159746646881,0.559116542339325,0.5786312818527222,-0.17246417701244354,0.5674667954444885,0.47563493251800537,-0.2601025104522705,0.5351831316947937,0.3774019479751587,-0.2554817199707031,0.5153833031654358,0.35034897923469543,-0.23850321769714355,0.5163171887397766,0.6000657081604004,-0.19474387168884277,0.5062816143035889,0.48843738436698914,-0.2667336165904999,0.48898711800575256,0.40430426597595215,-0.24069233238697052,0.48149240016937256,0.3873986601829529,-0.21071350574493408,0.47454407811164856,0.6154972910881042,-0.21894070506095886,0.4745849668979645,0.5501119494438171,-0.2673191428184509,0.4677385091781616,0.49998968839645386,-0.2565152049064636,0.4620942771434784,0.4964436888694763,-0.24009041488170624,C
0.4726540148258209,0.5831292271614075,2.3554852646157087e-07,0.5305919051170349,0.5027459859848022,-0.02974536083638668,0.5580829381942749,0.45285654067993164,-0.09291023761034012,0.5665885210037231,0.42147353291511536,-0.15431368350982666,0.5631225109100342,0.38897064328193665,-0.21454066038131714,0.5983623266220093,0.5433259606361389,-0.16412363946437836,0.6335708498954773,0.5611998438835144,-0.24161992967128754,0.6318636536598206,0.4995380938053131,-0.2623548209667206,0.6197580695152283,0.45352184772491455,-0.26699402928352356,0.5589085221290588,0.5733240246772766,-0.18590949475765228,0.5663869380950928,0.47178512811660767,-0.2699679136276245,0.5367757081985474,0.37421298027038574,-0.2577002942562103,0.519282341003418,0.34404391050338745,-0.2361215054988861,0.5150043964385986,0.5945016741752625,-0.20830842852592468,0.5062322020530701,0.4837726652622223,-0.2761281728744507,0.4923790693283081,0.3982926309108734,-0.24169398844242096,0.4872852861881256,0.37860429286956787,-0.20714661478996277,0.4733054041862488,0.610093355178833,-0.2330363243818283,0.4751790761947632,0.5489851236343384,-0.2786312699317932,0.4721353352069855,0.5067759156227112,-0.26366686820983887,0.4684809446334839,0.5077599287033081,-0.24470947682857513,C
0.47468775510787964,0.5822347402572632,2.423442708732182e-07,0.5296353101730347,0.49834659695625305,-0.03333168476819992,0.557704508304596,0.4478985667228699,-0.09791292250156403,0.5658615827560425,0.42008453607559204,-0.16103343665599823,0.5591325163841248,0.3952735364437103,-0.2234223484992981,0.5986583828926086,0.5434061288833618,-0.1614503562450409,0.6350681185722351,0.5637943148612976,-0.24110561609268188,0.632735013961792,0.5012023448944092,-0.26620742678642273,0.6194678544998169,0.45479804277420044,-0.2742232084274292,0.5601637959480286,0.574796199798584,-0.1826876401901245,0.5653874278068542,0.4786667227745056,-0.2706848382949829,0.5342313051223755,0.37627673149108887,-0.26526954770088196,0.5158003568649292,0.34083765745162964,-0.24836891889572144,0.5167631506919861,0.597405195236206,-0.20512066781520844,0.5076048970222473,0.49405229091644287,-0.2768353223800659,0.49320489168167114,0.40376198291778564,-0.2501339018344879,0.48699578642845154,0.37831079959869385,-0.2205212265253067,0.47565698623657227,0.6131558418273926,-0.2299688309431076,0.4778909981250763,0.5545120239257812,-0.27832433581352234,0.4735855758190155,0.5074864625930786,-0.2678672969341278,0.4689391255378723,0.5037581920623779,-0.2522682845592499,C
0.47247037291526794,0.582197904586792,2.0003888323572028e-07,0.5316343307495117,0.5021775364875793,-0.02859625034034252,0.5595198273658752,0.4495324492454529,-0.08821102231740952,0.5707860589027405,0.41220492124557495,-0.14627905189990997,0.5697506070137024,0.37242424488067627,-0.2031703144311905,0.6001508831977844,0.537757933139801,-0.15553469955921173,0.6339051723480225,0.5558488368988037,-0.2307439148426056,0.632055401802063,0.4975135028362274,-0.25185349583625793,0.6196907758712769,0.45557141304016113,-0.25750523805618286,0.5616359710693359,0.5724842548370361,-0.17666098475456238,0.565796971321106,0.4687276780605316,-0.2590930759906769,0.5352451801300049,0.3711112141609192,-0.2497534602880478,0.5176814794540405,0.34033697843551636,-0.23091886937618256,0.5177274942398071,0.5968437194824219,-0.19833196699619293,0.5077958106994629,0.48296040296554565,-0.2654981017112732,0.4913861155509949,0.39953821897506714,-0.23349572718143463,0.48340296745300293,0.3811648190021515,-0.20101098716259003,0.4761490821838379,0.6140670776367188,-0.2221248298883438,0.4753365218639374,0.5482595562934875,-0.2698057293891907,0.4690093398094177,0.5031654238700867,-0.25697585940361023,0.4637884497642517,0.5017337799072266,-0.23925679922103882,C
0.4739673137664795,0.580725908279419,2.333776620844219e-07,0.5304790139198303,0.49934735894203186,-0.03398687392473221,0.5595296025276184,0.44367629289627075,-0.0958150327205658,0.5687508583068848,0.4096282720565796,-0.15465939044952393,0.5669388175010681,0.37473106384277344,-0.21270515024662018,0.5989954471588135,0.5359354615211487,-0.16478225588798523,0.6342045664787292,0.5569941997528076,-0.24334608018398285,0.6321417093276978,0.493312805891037,-0.2685784697532654,0.6178733110427856,0.44598814845085144,-0.2768823802471161,0.5608305335044861,0.5700064301490784,-0.18401186168193817,0.5629534721374512,0.46950164437294006,-0.27017688751220703,0.5341763496398926,0.36497122049331665,-0.26627734303474426,0.5153127312660217,0.3264232873916626,-0.25114068388938904,0.5166968703269958,0.5956896543502808,-0.20363913476467133,0.5041533708572388,0.4843728542327881,-0.2744382321834564,0.49297675490379333,0.3959474265575409,-0.24789151549339294,0.48692193627357483,0.37230542302131653,-0.21852955222129822,0.47454410791397095,0.6137785911560059,-0.22547391057014465,0.4730105400085449,0.5482359528541565,-0.27526047825813293,0.4704143702983856,0.5067434310913086,-0.2647564709186554,0.4665331244468689,0.5075245499610901,-0.24853304028511047,C
0.47161948680877686,0.585241973400116,1.233564006497545e-07,0.5291224122047424,0.5097297430038452,-0.03302221745252609,0.5621397495269775,0.45964667201042175,-0.08993633836507797,0.575442910194397,0.42740657925605774,-0.14369650185108185,0.5745087265968323,0.39447709918022156,-0.19650302827358246,0.5982664227485657,0.5506380796432495,-0.1556006222963333,0.6330525279045105,0.5613929033279419,-0.2302751988172531,0.6298085451126099,0.4962100088596344,-0.2523755729198456,0.6155509948730469,0.4480697214603424,-0.2584260106086731,0.5614456534385681,0.5855467915534973,-0.17227573692798615,0.5609997510910034,0.4682054817676544,-0.2510623037815094,0.5311098694801331,0.3689238429069519,-0.24310298264026642,0.5130476355552673,0.3377276062965393,-0.22594913840293884,0.5171588063240051,0.606685996055603,-0.1901225447654724,0.5034465789794922,0.48064544796943665,-0.25685152411460876,0.4899004399776459,0.39554905891418457,-0.23026905953884125,0.4839284121990204,0.37581560015678406,-0.201327845454216,0.4744040071964264,0.6172556281089783,-0.21012689173221588,0.4705100953578949,0.5433626770973206,-0.2602725327014923,0.4681282043457031,0.5044984817504883,-0.25225335359573364,0.4664231836795807,0.5071225762367249,-0.237382709980011,C
0.46894901990890503,0.5925634503364563,-1.844897923319877e-07,0.5233922004699707,0.5231986045837402,-0.018281837925314903,0.5596716403961182,0.4784329831600189,-0.05619572103023529,0.5764157772064209,0.4425387978553772,-0.0924629420042038,0.5849086046218872,0.4081721901893616,-0.12795406579971313,0.5955223441123962,0.5664296746253967,-0.12079596519470215,0.6346197128295898,0.5691150426864624,-0.17897488176822662,0.6301400065422058,0.5057876110076904,-0.19381152093410492,0.617057740688324,0.45571744441986084,-0.19716154038906097,0.5639285445213318,0.6119792461395264,-0.13688144087791443,0.5682672262191772,0.4745773673057556,-0.20082147419452667,0.5342594385147095,0.376068651676178,-0.19272524118423462,0.5114428997039795,0.3466447591781616,-0.1778973937034607,0.5192403197288513,0.6342012286186218,-0.15310585498809814,0.5154322981834412,0.4897942841053009,-0.2110186517238617,0.4949612617492676,0.4037145972251892,-0.19043318927288055,0.48176705837249756,0.38319557905197144,-0.1666025072336197,0.47449979186058044,0.6419028043746948,-0.16946227848529816,0.4781111180782318,0.5612903237342834,-0.2170718014240265,0.47389066219329834,0.5057613253593445,-0.21327608823776245,0.4691283106803894,0.4911097288131714,-0.20165447890758514,C
0.4710536003112793,0.6188994646072388,-3.899455691680487e-07,0.5135724544525146,0.5680040121078491,-0.017055679112672806,0.5530539751052856,0.521497368812561,-0.035571906715631485,0.5701215267181396,0.479751318693161,-0.05423258617520332,0.5725153088569641,0.45174264907836914,-0.07232606410980225,0.6001114249229431,0.598016083240509,-0.05588249862194061,0.638574481010437,0.5985743403434753,-0.08984401822090149,0.6378019452095032,0.5419139266014099,-0.10179288685321808,0.6241755485534668,0.49491363763809204,-0.10574822872877121,0.5729643106460571,0.6465332508087158,-0.06346078217029572,0.5716086626052856,0.5115830898284912,-0.10534508526325226,0.5394248962402344,0.4178537130355835,-0.10861644148826599,0.5125641226768494,0.38626420497894287,-0.10373960435390472,0.528954029083252,0.6720792055130005,-0.07257822901010513,0.5204501152038574,0.5357327461242676,-0.11280100792646408,0.49917128682136536,0.45313751697540283,-0.10725028067827225,0.48123300075531006,0.42445316910743713,-0.09483800083398819,0.4823554754257202,0.6820325255393982,-0.08226149529218674,0.4816003441810608,0.6011826395988464,-0.11196178197860718,0.4753156304359436,0.5436420440673828,-0.10909514874219894,0.4669298529624939,0.519801914691925,-0.09991785883903503,C
0.4674771726131439,0.6283962726593018,-3.705864060066233e-07,0.5119696259498596,0.5769631862640381,-0.01719547063112259,0.5524373054504395,0.5348212122917175,-0.037741001695394516,0.5724318623542786,0.4990050494670868,-0.05772286280989647,0.5810540914535522,0.4704642593860626,-0.07780227810144424,0.5909268856048584,0.6175118088722229,-0.06695366650819778,0.6334563493728638,0.6168862581253052,-0.10566776245832443,0.6378506422042847,0.5631528496742249,-0.12123426795005798,0.6285723447799683,0.5187874436378479,-0.1277408003807068,0.5638608336448669,0.6651852130889893,-0.07568639516830444,0.569814920425415,0.5278918147087097,-0.12025619298219681,0.5388169884681702,0.4292532801628113,-0.12362028658390045,0.510862410068512,0.3933117389678955,-0.11949792504310608,0.5204226970672607,0.6894052624702454,-0.08573321998119354,0.5199472904205322,0.5529890656471252,-0.13052593171596527,0.5004187822341919,0.4621870815753937,-0.12615461647510529,0.48162466287612915,0.42544496059417725,-0.11460565030574799,0.47445183992385864,0.6964101195335388,-0.09593643993139267,0.47868210077285767,0.6235198974609375,-0.13280311226844788,0.4746152460575104,0.562751829624176,-0.1331651359796524,0.46711212396621704,0.5331794619560242,-0.12593135237693787,C
0.47822752594947815,0.6407095789909363,-3.784160469422204e-07,0.5216869711875916,0.5955058932304382,-0.02041306532919407,0.5610457062721252,0.5507907867431641,-0.04356301948428154,0.574995756149292,0.5086201429367065,-0.06691087782382965,0.5748851895332336,0.4829546809196472,-0.08923110365867615,0.6047874689102173,0.6390397548675537,-0.06692332029342651,0.6411775946617126,0.6334977149963379,-0.10851193219423294,0.6355772018432617,0.5871104001998901,-0.12418743222951889,0.6218389272689819,0.5531152486801147,-0.1302923709154129,0.5738453269004822,0.6930187940597534,-0.07696005702018738,0.5655549168586731,0.5554542541503906,-0.12961943447589874,0.533257782459259,0.45363759994506836,-0.13612785935401917,0.5105435848236084,0.41587498784065247,-0.1316349059343338,0.5262900590896606,0.7209280133247375,-0.08875527232885361,0.5108016133308411,0.5805385708808899,-0.13648729026317596,0.49040812253952026,0.49116969108581543,-0.12989231944084167,0.47758203744888306,0.4588751196861267,-0.11544262617826462,0.47880250215530396,0.7314757704734802,-0.10158342868089676,0.47481828927993774,0.6483569145202637,-0.1355004757642746,0.46947771310806274,0.5906416773796082,-0.13161544501781464,0.46611157059669495,0.5711471438407898,-0.1209099218249321,C
0.4784435033798218,0.6188257932662964,-2.963189729143778e-07,0.5227998495101929,0.5742307901382446,-0.019224314019083977,0.5631237030029297,0.5349040031433105,-0.03981912508606911,0.5777533054351807,0.4964325428009033,-0.060613591223955154,0.5769093632698059,0.4692527651786804,-0.08137573301792145,0.6057359576225281,0.6112311482429504,-0.06057741865515709,0.6436015367507935,0.6117793917655945,-0.09973062574863434,0.6389399766921997,0.5784502625465393,-0.11836928129196167,0.6275389790534973,0.5522227883338928,-0.12720419466495514,0.5755666494369507,0.6692906022071838,-0.06936313211917877,0.5626339912414551,0.5331822037696838,-0.11826205253601074,0.5319498777389526,0.4375714063644409,-0.1293017566204071,0.5098525285720825,0.39150553941726685,-0.12938256561756134,0.5288886427879333,0.7008064389228821,-0.07947546243667603,0.5105587840080261,0.5627843141555786,-0.1238727942109108,0.49217554926872253,0.4808524549007416,-0.1221499890089035,0.4797440469264984,0.4416288137435913,-0.11202675849199295,0.4823858141899109,0.7131112813949585,-0.09033618122339249,0.47761499881744385,0.639951229095459,-0.12318947166204453,0.47537675499916077,0.5943325161933899,-0.12188781797885895,0.47466763854026794,0.574832558631897,-0.11342866718769073,C
0.47673630714416504,0.6408722996711731,-2.8187875500407245e-07,0.5233069658279419,0.580827534198761,-0.020595218986272812,0.5571500658988953,0.5228473544120789,-0.04795142263174057,0.5675631165504456,0.47026997804641724,-0.07549121975898743,0.5641487836837769,0.4288073480129242,-0.10304171591997147,0.5992369055747986,0.6073762774467468,-0.08005817979574203,0.6412327885627747,0.6074425578117371,-0.1269543617963791,0.6373122930526733,0.557542085647583,-0.14660944044589996,0.6241785287857056,0.5140795707702637,-0.15563268959522247,0.5702534914016724,0.658942699432373,-0.09187904745340347,0.5696642994880676,0.53223717212677,-0.15029659867286682,0.5368477702140808,0.4237874150276184,-0.1599617600440979,0.5096520781517029,0.37570029497146606,-0.15831834077835083,0.5257156491279602,0.6895528435707092,-0.1048848107457161,0.5156916379928589,0.5599949955940247,-0.15749229490756989,0.4953785538673401,0.4672624468803406,-0.1544038951396942,0.47806990146636963,0.4246438145637512,-0.1425105482339859,0.4804425835609436,0.7039003372192383,-0.11858157068490982,0.4772707223892212,0.6360581517219543,-0.15753456950187683,0.4750745892524719,0.5849614143371582,-0.1579248309135437,0.4732733964920044,0.56313157081604,-0.15074719488620758,C
0.47885167598724365,0.6466802358627319,-1.5508584283452365e-07,0.5331651568412781,0.5872546434402466,-0.024894749745726585,0.570989191532135,0.5293854475021362,-0.05830894410610199,0.5850680470466614,0.47516027092933655,-0.09042999893426895,0.5870693325996399,0.43208223581314087,-0.12244115769863129,0.6074029803276062,0.6017616391181946,-0.10015583783388138,0.6415534615516663,0.5951356887817383,-0.15766678750514984,0.635346531867981,0.5524253845214844,-0.1827017217874527,0.6227555274963379,0.5215871334075928,-0.19452062249183655,0.5739045739173889,0.6528267860412598,-0.11217261850833893,0.5633835196495056,0.5102986097335815,-0.1816481649875641,0.5286009907722473,0.41185033321380615,-0.19153720140457153,0.5053819417953491,0.37734436988830566,-0.18940392136573792,0.5262957215309143,0.6843842267990112,-0.1252867728471756,0.5103002786636353,0.5382207036018372,-0.18562695384025574,0.4899926781654358,0.4539404809474945,-0.1774856597185135,0.47712257504463196,0.4283881187438965,-0.1616293340921402,0.4791298806667328,0.6985070705413818,-0.13936029374599457,0.4764799177646637,0.6115972399711609,-0.18314802646636963,0.4713294804096222,0.558496356010437,-0.18086904287338257,0.46941643953323364,0.5448410511016846,-0.17120198905467987,C
0.4739621579647064,0.6527442932128906,-7.864621665021332e-08,0.5261097550392151,0.5798636078834534,-0.028506603091955185,0.5616512894630432,0.5232656002044678,-0.07201912999153137,0.5712229609489441,0.47867289185523987,-0.1126960813999176,0.5694298148155212,0.44062691926956177,-0.153547465801239,0.5977494120597839,0.616269052028656,-0.1299317628145218,0.635911762714386,0.611543595790863,-0.1947614699602127,0.6321830153465271,0.5495668649673462,-0.22206220030784607,0.6208509206771851,0.49979546666145325,-0.23593303561210632,0.5649913549423218,0.6625330448150635,-0.14405927062034607,0.5619504451751709,0.5362963676452637,-0.22241593897342682,0.5325974822044373,0.4264222979545593,-0.2345511019229889,0.5130891799926758,0.3806253969669342,-0.2344464808702469,0.5198918581008911,0.6905790567398071,-0.15803635120391846,0.5086678266525269,0.5576158761978149,-0.22385326027870178,0.49467355012893677,0.4633474349975586,-0.21770377457141876,0.4852178692817688,0.4312748610973358,-0.20437897741794586,0.4745781421661377,0.7051124572753906,-0.17284639179706573,0.4743441939353943,0.6298993825912476,-0.22263284027576447,0.4735511243343353,0.5798269510269165,-0.2244761884212494,0.4733927845954895,0.5681858062744141,-0.21854904294013977,C
0.47536784410476685,0.6508092880249023,-2.6358325300179786e-08,0.5283131003379822,0.573746919631958,-0.030452173203229904,0.5627537965774536,0.5163001418113708,-0.07741336524486542,0.5710451006889343,0.47214367985725403,-0.12188111990690231,0.5682370662689209,0.4306832551956177,-0.16644683480262756,0.5991222262382507,0.612024188041687,-0.13708467781543732,0.6366460919380188,0.608005702495575,-0.20492038130760193,0.6322009563446045,0.5433513522148132,-0.23132888972759247,0.6191820502281189,0.4934435486793518,-0.2439114898443222,0.5655075311660767,0.6541029810905457,-0.15207408368587494,0.5633282661437988,0.5328904986381531,-0.23728886246681213,0.532955527305603,0.42352110147476196,-0.251925528049469,0.5125536322593689,0.3765092194080353,-0.25216472148895264,0.5220988392829895,0.681191623210907,-0.16675829887390137,0.5075191855430603,0.5511364340782166,-0.2395816296339035,0.4907073676586151,0.4549247920513153,-0.23773163557052612,0.479412704706192,0.4167921543121338,-0.22580625116825104,0.47920751571655273,0.6940997242927551,-0.18196529150009155,0.476111501455307,0.6221375465393066,-0.2356410026550293,0.4755977988243103,0.5775505304336548,-0.24120572209358215,0.47661349177360535,0.5665901899337769,-0.2377544641494751,C
0.4748682975769043,0.637020468711853,-1.3075836591269763e-07,0.5316119194030762,0.5769572257995605,-0.020027123391628265,0.5692261457443237,0.5201972126960754,-0.0583525113761425,0.5821962952613831,0.47053495049476624,-0.09573110938072205,0.5836056470870972,0.4363005757331848,-0.13296592235565186,0.6042686700820923,0.5965644717216492,-0.12337055057287216,0.6396206021308899,0.5718055963516235,-0.1859726905822754,0.6328640580177307,0.532416820526123,-0.2087247371673584,0.620151937007904,0.5127643346786499,-0.21855325996875763,0.5702797770500183,0.6427651643753052,-0.13997730612754822,0.558319628238678,0.5019056797027588,-0.21547777950763702,0.5260184407234192,0.4035443663597107,-0.22008393704891205,0.5028261542320251,0.36716505885124207,-0.21382518112659454,0.5229873061180115,0.6729123592376709,-0.15585112571716309,0.5046035647392273,0.528040885925293,-0.21817784011363983,0.48820674419403076,0.44214048981666565,-0.2032628059387207,0.4771520495414734,0.41556745767593384,-0.18336667120456696,0.47671353816986084,0.6868289709091187,-0.17232412099838257,0.47233420610427856,0.6114722490310669,-0.21872659027576447,0.47162625193595886,0.5658147931098938,-0.21514546871185303,0.47163549065589905,0.558327853679657,-0.20438210666179657,C
0.47158122062683105,0.6360675692558289,6.88182233421486e-10,0.521682620048523,0.5620791912078857,-0.03259512037038803,0.5574019551277161,0.5053713917732239,-0.0827283188700676,0.5691952109336853,0.4677930474281311,-0.1300462931394577,0.5724858641624451,0.43482816219329834,-0.17675001919269562,0.6001608371734619,0.596660315990448,-0.14521615207195282,0.6378625631332397,0.5904291868209839,-0.22099372744560242,0.6321837306022644,0.537043571472168,-0.25229689478874207,0.6198177337646484,0.5029205679893494,-0.26720914244651794,0.5668946504592896,0.642504870891571,-0.16121581196784973,0.5640059113502502,0.5261288285255432,-0.2539258599281311,0.532525360584259,0.41906625032424927,-0.26790428161621094,0.5118463635444641,0.37570178508758545,-0.26564180850982666,0.5229770541191101,0.6758438944816589,-0.1772039830684662,0.5080843567848206,0.5493074655532837,-0.2539885938167572,0.49112507700920105,0.4537144899368286,-0.24497507512569427,0.48157474398612976,0.4217762053012848,-0.2267664074897766,0.47939732670783997,0.6938587427139282,-0.19420471787452698,0.4773399829864502,0.6190029978752136,-0.2487982213497162,0.47329989075660706,0.5683344602584839,-0.24816176295280457,0.47179561853408813,0.5593274831771851,-0.2388918548822403,C
0.4691374897956848,0.6587404012680054,7.793323675286956e-08,0.5250556468963623,0.5728340744972229,-0.021526498720049858,0.5577600002288818,0.5157344341278076,-0.07762446999549866,0.5690041184425354,0.47273173928260803,-0.13326820731163025,0.5726033449172974,0.42959290742874146,-0.18967510759830475,0.6020295023918152,0.6032451391220093,-0.15473522245883942,0.6369626522064209,0.5960474014282227,-0.2325333207845688,0.635174036026001,0.5343188047409058,-0.2623205780982971,0.6255635619163513,0.49178066849708557,-0.2767079174518585,0.565549910068512,0.6448865532875061,-0.18174304068088531,0.5720390677452087,0.5342060923576355,-0.27444660663604736,0.5420392751693726,0.4217618703842163,-0.28229859471321106,0.5197475552558899,0.3762260675430298,-0.2771816551685333,0.5206289291381836,0.6762574315071106,-0.20756515860557556,0.5131276845932007,0.5579726696014404,-0.2845401465892792,0.4950177073478699,0.453805536031723,-0.2702675759792328,0.48412826657295227,0.4166989326477051,-0.25071102380752563,0.47644510865211487,0.6986231207847595,-0.2335260510444641,0.47851094603538513,0.626518726348877,-0.28899717330932617,0.47110193967819214,0.5598558783531189,-0.2865242660045624,0.46549591422080994,0.5375179052352905,-0.2778165638446808,C
0.4626931846141815,0.6660259366035461,4.705871692323171e-09,0.528243899345398,0.5538910031318665,-0.005630373023450375,0.5702770948410034,0.47983336448669434,-0.05777354910969734,0.601068377494812,0.4161589741706848,-0.11086723953485489,0.6428167223930359,0.3407500088214874,-0.1626053750514984,0.601656436920166,0.5993726253509521,-0.16477070748806,0.644120991230011,0.6049764752388,-0.24270066618919373,0.6409628391265869,0.5354501605033875,-0.26112136244773865,0.623810350894928,0.4873824417591095,-0.2649585008621216,0.564281165599823,0.6449787020683289,-0.1987760066986084,0.576198160648346,0.5390790700912476,-0.2862454354763031,0.5494633316993713,0.43022453784942627,-0.27163058519363403,0.5291892886161804,0.39426368474960327,-0.25023767352104187,0.5183967351913452,0.6803369522094727,-0.23024840652942657,0.5121415257453918,0.5588641166687012,-0.30419525504112244,0.49850550293922424,0.45734652876853943,-0.26731419563293457,0.4899718761444092,0.42627379298210144,-0.232159823179245,0.4730145037174225,0.7064177989959717,-0.26059696078300476,0.47459131479263306,0.6393055319786072,-0.3160211145877838,0.4737530052661896,0.5876413583755493,-0.30251652002334595,0.4686098098754883,0.5843425989151001,-0.2840927243232727,C
0.46267393231391907,0.6850907206535339,-7.185193595660166e-08,0.5295575261116028,0.5553209781646729,-0.01577025093138218,0.5752763748168945,0.47632285952568054,-0.06898289173841476,0.6070406436920166,0.4148743152618408,-0.12202688306570053,0.6500571370124817,0.34355178475379944,-0.17381353676319122,0.6078121066093445,0.6162292957305908,-0.1664559543132782,0.6489312648773193,0.6124986410140991,-0.2453310191631317,0.6383518576622009,0.5376996397972107,-0.26676705479621887,0.6181797385215759,0.47977203130722046,-0.27400079369544983,0.5680274963378906,0.6628959774971008,-0.19648993015289307,0.5696800351142883,0.5488524436950684,-0.2912878692150116,0.5435921549797058,0.4447183609008789,-0.29497194290161133,0.5292540192604065,0.4009648263454437,-0.28849315643310547,0.5221211314201355,0.6965277194976807,-0.2240985631942749,0.5096652507781982,0.5682157278060913,-0.30645522475242615,0.49590885639190674,0.4679240882396698,-0.2922801673412323,0.48643797636032104,0.42528170347213745,-0.2737738788127899,0.47669628262519836,0.7162474393844604,-0.2503809332847595,0.47165825963020325,0.6432664394378662,-0.3157593011856079,0.4721614122390747,0.6052019596099854,-0.31917908787727356,0.47095805406570435,0.6041630506515503,-0.31384798884391785,C
0.46250951290130615,0.6785619258880615,-1.2599967647020094e-07,0.525728166103363,0.5504825711250305,-0.0227353535592556,0.5730717778205872,0.4710461497306824,-0.07420751452445984,0.6044798493385315,0.41039589047431946,-0.1247183158993721,0.6475853323936462,0.3433985412120819,-0.1746646761894226,0.6048634052276611,0.6161292791366577,-0.1615399420261383,0.6472808718681335,0.6123289465904236,-0.24115777015686035,0.6356737613677979,0.5378416776657104,-0.269260436296463,0.6162711381912231,0.4777359962463379,-0.28270962834358215,0.5680728554725647,0.6625810861587524,-0.18822051584720612,0.5711799263954163,0.5527137517929077,-0.2832745611667633,0.5434600114822388,0.4454982578754425,-0.2981477677822113,0.5267945528030396,0.3973311185836792,-0.301533579826355,0.5235739946365356,0.6952753663063049,-0.21353685855865479,0.513818085193634,0.57464998960495,-0.29846322536468506,0.4975850284099579,0.4720730185508728,-0.29949361085891724,0.48606693744659424,0.4250885844230652,-0.2925553023815155,0.4782179594039917,0.7139935493469238,-0.23777511715888977,0.47420957684516907,0.6510056853294373,-0.30708184838294983,0.47260797023773193,0.6034724712371826,-0.32055988907814026,0.4697627127170563,0.5886419415473938,-0.32383084297180176,C
0.4598732590675354,0.6804170608520508,-1.7678881647498201e-07,0.5267674326896667,0.5579864978790283,-0.011672371998429298,0.5726264119148254,0.48030805587768555,-0.05932144820690155,0.6079198718070984,0.41470709443092346,-0.10702484846115112,0.652022659778595,0.34137505292892456,-0.15393540263175964,0.6061845421791077,0.6099812388420105,-0.1566476821899414,0.6469306349754333,0.6064663529396057,-0.2314223200082779,0.6382469534873962,0.5361407995223999,-0.25277143716812134,0.6177639961242676,0.48009705543518066,-0.26007065176963806,0.5704033970832825,0.6557223200798035,-0.1854579597711563,0.5744026899337769,0.540419340133667,-0.2714231312274933,0.5459191203117371,0.43569207191467285,-0.27017346024513245,0.5200243592262268,0.3966097831726074,-0.2610572278499603,0.5245295166969299,0.6896135210990906,-0.21220381557941437,0.5137566924095154,0.5626757740974426,-0.2888934910297394,0.4953199625015259,0.46454375982284546,-0.2723270058631897,0.4785204529762268,0.42669859528541565,-0.25226396322250366,0.47743621468544006,0.7131585478782654,-0.23735079169273376,0.4747242331504822,0.6418517827987671,-0.29813528060913086,0.4714405834674835,0.5938549041748047,-0.2980769872665405,0.46307697892189026,0.5830387473106384,-0.2902829051017761,C
0.4592463970184326,0.694440484046936,-1.511740350679247e-07,0.5254783630371094,0.5559212565422058,-0.011136604472994804,0.5672258138656616,0.47629061341285706,-0.06006457284092903,0.5959213972091675,0.41307592391967773,-0.10934828966856003,0.6313758492469788,0.3344007134437561,-0.15736958384513855,0.605453610420227,0.6120177507400513,-0.15674492716789246,0.6464385390281677,0.6001259684562683,-0.2282169759273529,0.6336088180541992,0.5242236852645874,-0.24133875966072083,0.6088584065437317,0.47324368357658386,-0.24121122062206268,0.5658714771270752,0.6630797386169434,-0.1849898248910904,0.5682647228240967,0.5347576141357422,-0.2672951817512512,0.536829948425293,0.4254995286464691,-0.2565115690231323,0.5144696831703186,0.3844832181930542,-0.2387666553258896,0.5195841789245605,0.6987304091453552,-0.2113419473171234,0.507957398891449,0.557252824306488,-0.2839473783969879,0.4919797480106354,0.45487290620803833,-0.25777584314346313,0.47830021381378174,0.4166204333305359,-0.2299925684928894,0.47438254952430725,0.7199527025222778,-0.2366078794002533,0.4732261300086975,0.6394727230072021,-0.29603317379951477,0.4722564220428467,0.5898410677909851,-0.29292964935302734,0.4660615026950836,0.5798631906509399,-0.28120896220207214,C
0.4596973657608032,0.6996232271194458,-2.5690505367492733e-07,0.5230236053466797,0.562879204750061,-0.01430787704885006,0.5650376677513123,0.4790143668651581,-0.059289850294589996,0.591582715511322,0.40694528818130493,-0.10339575260877609,0.6249690651893616,0.3213503956794739,-0.14701837301254272,0.6070799827575684,0.6161113381385803,-0.15028095245361328,0.6464031338691711,0.6004789471626282,-0.22119808197021484,0.6333969831466675,0.5242487192153931,-0.24091999232769012,0.6081404685974121,0.467927485704422,-0.2465355396270752,0.5687904953956604,0.6700055599212646,-0.17425931990146637,0.5682160258293152,0.5436562895774841,-0.25611934065818787,0.537254273891449,0.43163901567459106,-0.2558360695838928,0.5136419534683228,0.3858334720134735,-0.24764417111873627,0.5214077234268188,0.707521915435791,-0.19621901214122772,0.509475588798523,0.5681959390640259,-0.2710195481777191,0.4929327964782715,0.4645915627479553,-0.2576625347137451,0.4781869351863861,0.4224890470504761,-0.23897475004196167,0.47454649209976196,0.7295381426811218,-0.21633268892765045,0.4758053421974182,0.6388363838195801,-0.27514806389808655,0.4722271263599396,0.5815231204032898,-0.27532121539115906,0.4631425142288208,0.566283106803894,-0.267197847366333,C
0.462723970413208,0.7195830941200256,-2.669104901542596e-07,0.5212794542312622,0.5855339765548706,-0.010844435542821884,0.5597203373908997,0.4920887351036072,-0.05437130481004715,0.5819103717803955,0.4127274453639984,-0.09744315594434738,0.6087294816970825,0.3224855065345764,-0.14090098440647125,0.604153573513031,0.6151480674743652,-0.1476045846939087,0.647261917591095,0.6025545001029968,-0.21861612796783447,0.6357249617576599,0.5293278694152832,-0.2426690012216568,0.6109164953231812,0.4712076187133789,-0.25296127796173096,0.5681647062301636,0.6690849661827087,-0.17378993332386017,0.5709729790687561,0.5444198250770569,-0.25662240386009216,0.5415276885032654,0.431926965713501,-0.2643166482448578,0.5160534381866455,0.3822096586227417,-0.26383885741233826,0.5213889479637146,0.7084771394729614,-0.197256937623024,0.5138553977012634,0.575918972492218,-0.2733696401119232,0.4954264163970947,0.4704900085926056,-0.2689618170261383,0.47753477096557617,0.42119908332824707,-0.2580370008945465,0.47433334589004517,0.733599066734314,-0.21817389130592346,0.4803880751132965,0.6527020335197449,-0.2808641493320465,0.4747200310230255,0.589028000831604,-0.28732830286026,0.46363887190818787,0.5600318908691406,-0.2848590314388275,C
0.4691852927207947,0.7443456649780273,-3.1166445069175097e-07,0.5191636681556702,0.5993502140045166,-0.010949183255434036,0.5529921650886536,0.5030637979507446,-0.04845007136464119,0.5653572082519531,0.416864275932312,-0.08444499969482422,0.5850515365600586,0.32438361644744873,-0.11976499855518341,0.6067978143692017,0.6250725984573364,-0.13323843479156494,0.6526539325714111,0.6041576862335205,-0.19220633804798126,0.6339154839515686,0.5207306742668152,-0.203703373670578,0.6033193469047546,0.46245089173316956,-0.20470575988292694,0.5716612935066223,0.6821476221084595,-0.1534612625837326,0.5722336173057556,0.533283531665802,-0.22518602013587952,0.5361219644546509,0.4207872152328491,-0.22348642349243164,0.509255588054657,0.379746675491333,-0.2150832563638687,0.5251963138580322,0.7194772958755493,-0.1710154265165329,0.5101394653320312,0.5569727420806885,-0.23550854623317719,0.4878149628639221,0.45520132780075073,-0.22122937440872192,0.47205227613449097,0.41936513781547546,-0.20303864777088165,0.47889864444732666,0.740645170211792,-0.18656952679157257,0.475298672914505,0.63064044713974,-0.24008825421333313,0.4699133634567261,0.5725428462028503,-0.24107708036899567,0.46417537331581116,0.557064414024353,-0.23368480801582336,C
0.4731433093547821,0.7358949780464172,-2.398721221652522e-07,0.5197593569755554,0.6016069054603577,-0.01793518103659153,0.5509610772132874,0.5044196248054504,-0.05621384456753731,0.5621868968009949,0.41693246364593506,-0.09188017249107361,0.5827648639678955,0.32822978496551514,-0.1270836889743805,0.6070112586021423,0.620609700679779,-0.12850652635097504,0.6522240042686462,0.5937408804893494,-0.1850418597459793,0.6350336670875549,0.5183936953544617,-0.19860805571079254,0.6033992171287537,0.464548796415329,-0.20132781565189362,0.5736073851585388,0.6793659329414368,-0.14468280971050262,0.5666546821594238,0.5258817076683044,-0.21018584072589874,0.5274239778518677,0.4259990453720093,-0.21193234622478485,0.4995811879634857,0.3854631185531616,-0.20748263597488403,0.5291057825088501,0.7202105522155762,-0.15891709923744202,0.5101953744888306,0.5600863695144653,-0.21848313510417938,0.48601067066192627,0.46357274055480957,-0.2084360420703888,0.46957772970199585,0.4223034679889679,-0.19477355480194092,0.4848804473876953,0.7436462640762329,-0.17188505828380585,0.4800276458263397,0.6399409770965576,-0.22298872470855713,0.4717349112033844,0.5842992067337036,-0.22532889246940613,0.4659148156642914,0.5638740658760071,-0.2196473479270935,C
0.47102901339530945,0.7386808395385742,-2.6307242251277785e-07,0.5179838538169861,0.6048667430877686,-0.015824396163225174,0.5511804819107056,0.5057424306869507,-0.04899430647492409,0.5638056993484497,0.41655078530311584,-0.07987336814403534,0.5832468271255493,0.3290024399757385,-0.11010469496250153,0.6048255562782288,0.6256164312362671,-0.11316274851560593,0.6505400538444519,0.597854733467102,-0.16442084312438965,0.6351233124732971,0.5223722457885742,-0.17597757279872894,0.6079258918762207,0.47050923109054565,-0.17795296013355255,0.5730606913566589,0.6837660670280457,-0.12760144472122192,0.5676650404930115,0.5195986032485962,-0.18763931095600128,0.5290043354034424,0.41697776317596436,-0.18782740831375122,0.5023888945579529,0.3803393840789795,-0.18233880400657654,0.5277325510978699,0.7193446159362793,-0.14063960313796997,0.507524311542511,0.541246235370636,-0.19666974246501923,0.48313790559768677,0.44624561071395874,-0.1865171194076538,0.4679456651210785,0.41350191831588745,-0.172423854470253,0.48230406641960144,0.7358989715576172,-0.1523205041885376,0.4749998450279236,0.6173874139785767,-0.20052117109298706,0.4695613980293274,0.568494439125061,-0.20299260318279266,0.46826425194740295,0.5610665678977966,-0.19741412997245789,C
0.4705769419670105,0.7320444583892822,-2.5319036467408296e-07,0.5212677121162415,0.5990643501281738,-0.016613803803920746,0.5534062385559082,0.5026747584342957,-0.05546693131327629,0.5645240545272827,0.4157094359397888,-0.09156140685081482,0.5829164981842041,0.32710614800453186,-0.12763181328773499,0.607053816318512,0.6234520673751831,-0.13398800790309906,0.6455278396606445,0.5947516560554504,-0.1933116465806961,0.6280940771102905,0.5198557376861572,-0.20812292397022247,0.6023344397544861,0.4635283350944519,-0.21193847060203552,0.5727376937866211,0.679902195930481,-0.15092156827449799,0.5675590634346008,0.5304669141769409,-0.22057248651981354,0.53265780210495,0.42435362935066223,-0.22371463477611542,0.5071941614151001,0.37997275590896606,-0.22002574801445007,0.5270016193389893,0.7142718434333801,-0.1653924584388733,0.5083320140838623,0.5486306548118591,-0.22945347428321838,0.4847686290740967,0.447448194026947,-0.22020480036735535,0.46780672669410706,0.4051317274570465,-0.20598818361759186,0.4812343716621399,0.7302978038787842,-0.17804180085659027,0.47491538524627686,0.619895875453949,-0.23211219906806946,0.47048455476760864,0.5689658522605896,-0.23582865297794342,0.4688017964363098,0.5534078478813171,-0.23079995810985565,C
0.47228100895881653,0.7376722097396851,-1.7893091808218742e-07,0.5258795619010925,0.6048809885978699,-0.011955469846725464,0.5566830039024353,0.5088992118835449,-0.05461443215608597,0.5655747056007385,0.41929101943969727,-0.09468881040811539,0.5818616151809692,0.3252498507499695,-0.13485324382781982,0.6067910194396973,0.6229192614555359,-0.14709627628326416,0.6440201997756958,0.5898112654685974,-0.2070954442024231,0.6271721124649048,0.5160251259803772,-0.2189035713672638,0.6021660566329956,0.4652469754219055,-0.2206439971923828,0.570578932762146,0.6769198179244995,-0.1672445386648178,0.5677618980407715,0.533815324306488,-0.23838406801223755,0.5353728532791138,0.4298096001148224,-0.23716525733470917,0.5110302567481995,0.3892773389816284,-0.2308780997991562,0.524732768535614,0.7094860076904297,-0.18332429230213165,0.508306622505188,0.5513411164283752,-0.24652504920959473,0.48654496669769287,0.45048144459724426,-0.23218493163585663,0.4696134924888611,0.40893298387527466,-0.21557797491550446,0.47957754135131836,0.725205659866333,-0.1970519870519638,0.47367265820503235,0.622488260269165,-0.24845270812511444,0.4699641466140747,0.5735973715782166,-0.24842020869255066,0.4671232998371124,0.5587221384048462,-0.24172349274158478,C
0.4691011905670166,0.7216717600822449,-2.2347187211835262e-07,0.5162955522537231,0.5905462503433228,-0.01965535432100296,0.5499680042266846,0.4964603781700134,-0.05942925065755844,0.5626813769340515,0.4098840355873108,-0.0957779809832573,0.5813915133476257,0.3176121115684509,-0.13209839165210724,0.6059287190437317,0.6178661584854126,-0.13447484374046326,0.6455186009407043,0.5901126265525818,-0.19428421556949615,0.6289786100387573,0.516836404800415,-0.21034418046474457,0.6019864678382874,0.4590167701244354,-0.2146129310131073,0.573148787021637,0.6744211316108704,-0.1501803994178772,0.5686774849891663,0.5241559147834778,-0.2170901596546173,0.5342784523963928,0.4209945797920227,-0.21993744373321533,0.5078560709953308,0.3765054941177368,-0.21636304259300232,0.5280500650405884,0.7111551761627197,-0.16389808058738708,0.5105341672897339,0.548677921295166,-0.2271927446126938,0.48776549100875854,0.44950857758522034,-0.2191626876592636,0.47201108932495117,0.40672987699508667,-0.20605707168579102,0.4827197194099426,0.7299176454544067,-0.17596185207366943,0.4749939739704132,0.62679523229599,-0.22997313737869263,0.4690558910369873,0.5762308835983276,-0.23373031616210938,0.4668877422809601,0.5593387484550476,-0.2287725806236267,C
0.46376678347587585,0.6760299205780029,-4.080484927726502e-07,0.5134944915771484,0.5531337261199951,-0.016968727111816406,0.5545392632484436,0.46918123960494995,-0.03982995077967644,0.575904130935669,0.39489102363586426,-0.06129484623670578,0.5941717624664307,0.3172193467617035,-0.08257923275232315,0.6052239537239075,0.6056239008903503,-0.07832743227481842,0.6442611813545227,0.5831099152565002,-0.11893704533576965,0.625643253326416,0.5089591145515442,-0.1320877969264984,0.5991107821464539,0.4552796483039856,-0.13716302812099457,0.5726869106292725,0.6634979248046875,-0.08807314932346344,0.5645932555198669,0.5146341323852539,-0.13242819905281067,0.5301665663719177,0.41332900524139404,-0.13724392652511597,0.5075940489768982,0.37238436937332153,-0.13795840740203857,0.5269160866737366,0.6958767771720886,-0.09818882495164871,0.5084672570228577,0.5331537127494812,-0.14313802123069763,0.48775607347488403,0.4381212294101715,-0.14142221212387085,0.4740926921367645,0.39736586809158325,-0.13514015078544617,0.4808257520198822,0.7104448080062866,-0.10772564262151718,0.47290048003196716,0.6089503765106201,-0.14842364192008972,0.46895143389701843,0.5613881349563599,-0.15383565425872803,0.4694162607192993,0.5477675199508667,-0.15183737874031067,C
0.4571995735168457,0.617838978767395,-4.790703087564907e-07,0.508220374584198,0.5093498826026917,-0.023387467488646507,0.5665954947471619,0.4349260926246643,-0.0419137179851532,0.6024471521377563,0.36708909273147583,-0.059299904853105545,0.6386578679084778,0.3050752580165863,-0.07543488591909409,0.602960467338562,0.5796558260917664,-0.05974884703755379,0.637719452381134,0.5751246213912964,-0.09547257423400879,0.6276981830596924,0.5147680640220642,-0.10989085584878922,0.6094919443130493,0.46995121240615845,-0.11742500215768814,0.5743545889854431,0.6421370506286621,-0.06513097137212753,0.5608066320419312,0.5006228685379028,-0.10680074244737625,0.52757328748703,0.4031839072704315,-0.11391191184520721,0.5047699213027954,0.37105584144592285,-0.11578040570020676,0.5289090871810913,0.6770803928375244,-0.07309447228908539,0.5087161064147949,0.5225818157196045,-0.11427559703588486,0.48727118968963623,0.43395352363586426,-0.11223182082176208,0.4724109172821045,0.40327057242393494,-0.10563040524721146,0.4812588393688202,0.6952927708625793,-0.08207891881465912,0.47098374366760254,0.607055127620697,-0.11767967790365219,0.46836531162261963,0.5667315125465393,-0.12248869985342026,0.46810245513916016,0.5629229545593262,-0.12037798017263412,C
0.4583413898944855,0.6068841814994812,-4.965877451468259e-07,0.5104351043701172,0.49546337127685547,-0.03715558350086212,0.5689274072647095,0.42362862825393677,-0.06821110844612122,0.6093132495880127,0.36045706272125244,-0.0946144238114357,0.6509713530540466,0.2932206392288208,-0.11912860721349716,0.6038652658462524,0.5887303352355957,-0.10653724521398544,0.6409943103790283,0.5824538469314575,-0.1628752052783966,0.6266478896141052,0.5111569762229919,-0.18498703837394714,0.6055552959442139,0.4562869668006897,-0.19521665573120117,0.5725641250610352,0.6489201188087463,-0.11003512889146805,0.5660451054573059,0.5174951553344727,-0.1748252511024475,0.5312077403068542,0.40960997343063354,-0.18247388303279877,0.5025741457939148,0.3723520040512085,-0.1815718561410904,0.5247504711151123,0.6814344525337219,-0.11647915095090866,0.5019233226776123,0.5283886194229126,-0.17633156478405,0.4818006157875061,0.4303130507469177,-0.1719345897436142,0.4663708209991455,0.39658254384994507,-0.16098155081272125,0.4774341583251953,0.6954602003097534,-0.12461933493614197,0.4641503691673279,0.5970291495323181,-0.1747225821018219,0.4608851373195648,0.5592334270477295,-0.18152660131454468,0.4598731994628906,0.5617062449455261,-0.17925509810447693,C
0.46184539794921875,0.5868462324142456,-5.957870143902255e-07,0.5157225728034973,0.469710111618042,-0.034620512276887894,0.5777594447135925,0.4065185487270355,-0.0626293495297432,0.6198919415473938,0.3559403121471405,-0.08776295930147171,0.6611033082008362,0.29976701736450195,-0.11095549166202545,0.5963915586471558,0.5838024020195007,-0.09399540722370148,0.6381859183311462,0.5957485437393188,-0.14576061069965363,0.626173734664917,0.5357941389083862,-0.16877973079681396,0.6068140268325806,0.47697585821151733,-0.17979376018047333,0.5673032402992249,0.648881733417511,-0.09747684001922607,0.5562532544136047,0.521074652671814,-0.15502676367759705,0.5298681855201721,0.4201340675354004,-0.16516059637069702,0.5111386179924011,0.3739798367023468,-0.16768652200698853,0.5215473771095276,0.6809242963790894,-0.10386443138122559,0.5001088380813599,0.5436288714408875,-0.15804803371429443,0.48482316732406616,0.4439820349216461,-0.15649224817752838,0.4748910367488861,0.3896994888782501,-0.1488579362630844,0.4756837487220764,0.6915355324745178,-0.11210684478282928,0.46173056960105896,0.6260014176368713,-0.15779133141040802,0.4588330090045929,0.5813766121864319,-0.1644689440727234,0.4589742124080658,0.5590949058532715,-0.1626908779144287,C
0.4509214758872986,0.5570380091667175,-7.510133173127542e-07,0.5105041861534119,0.4524933993816376,-0.02807117998600006,0.5754703283309937,0.4021729826927185,-0.0491793192923069,0.6202955842018127,0.35188350081443787,-0.06917769461870193,0.6619042158126831,0.29605811834335327,-0.08671051263809204,0.5951899290084839,0.585218071937561,-0.06367877870798111,0.6350781321525574,0.6006985306739807,-0.10280592739582062,0.6214150190353394,0.5350282788276672,-0.11860185861587524,0.5985049605369568,0.47374051809310913,-0.12505188584327698,0.5652105212211609,0.6568552851676941,-0.06645810604095459,0.5498471856117249,0.5237144827842712,-0.10781348496675491,0.5233564376831055,0.41803044080734253,-0.11480507254600525,0.50764000415802,0.3731883466243744,-0.11665798723697662,0.5179866552352905,0.6897967457771301,-0.07240009307861328,0.4935396611690521,0.5494846701622009,-0.11505535244941711,0.4811203181743622,0.45235979557037354,-0.11432304233312607,0.4776429533958435,0.4011138379573822,-0.10870026051998138,0.4711383879184723,0.7000589966773987,-0.079742930829525,0.45380595326423645,0.6358097195625305,-0.11534162610769272,0.4501272141933441,0.5949267148971558,-0.11901640146970749,0.45170867443084717,0.5746684074401855,-0.11602308601140976,C
0.43629491329193115,0.5421318411827087,-8.245725098277035e-07,0.49998337030410767,0.4519712030887604,-0.022443747147917747,0.5710594058036804,0.40656039118766785,-0.03902876749634743,0.6182813048362732,0.35473740100860596,-0.056172050535678864,0.6591088175773621,0.2987021505832672,-0.07092051208019257,0.5947393178939819,0.5824279189109802,-0.046109020709991455,0.6380500197410583,0.6023145914077759,-0.08103783428668976,0.6224843859672546,0.5283398628234863,-0.09557711333036423,0.5975388884544373,0.4658055305480957,-0.10127809643745422,0.5662520527839661,0.6547098755836487,-0.04987030848860741,0.553857147693634,0.5238475799560547,-0.08494015783071518,0.5264251828193665,0.4212416410446167,-0.09148719161748886,0.5090763568878174,0.3834534287452698,-0.093604177236557,0.5213600397109985,0.6889937520027161,-0.05702671408653259,0.4991268217563629,0.545982837677002,-0.0917307659983635,0.48281925916671753,0.4496963620185852,-0.0895596295595169,0.47614777088165283,0.40325596928596497,-0.0842338353395462,0.47600191831588745,0.7029106020927429,-0.0656876266002655,0.4605327844619751,0.6221643686294556,-0.09232085198163986,0.4520072638988495,0.5625796318054199,-0.09184081852436066,0.44798094034194946,0.5311357975006104,-0.08691560477018356,C
0.4552520215511322,0.5538585186004639,-7.777654218443786e-07,0.5079621076583862,0.45912793278694153,-0.033139389008283615,0.5747882723808289,0.4020688533782959,-0.056402791291475296,0.6198372840881348,0.34467047452926636,-0.07800380140542984,0.6628090143203735,0.2947174906730652,-0.09612260013818741,0.5984329581260681,0.5821474194526672,-0.06468325853347778,0.6385515928268433,0.6014099717140198,-0.10529942065477371,0.6225324273109436,0.5291213989257812,-0.12045517563819885,0.5958648324012756,0.4639151692390442,-0.12548574805259705,0.5697931051254272,0.6537204384803772,-0.06486816704273224,0.5550687313079834,0.5215303301811218,-0.10763122141361237,0.5260641574859619,0.4208779036998749,-0.1138850674033165,0.5078622102737427,0.38454771041870117,-0.11397676914930344,0.5248064994812012,0.6889089941978455,-0.06891942769289017,0.5003136396408081,0.5418078899383545,-0.11045375466346741,0.4833962321281433,0.4482899308204651,-0.10584744811058044,0.4773479104042053,0.40982282161712646,-0.09700804948806763,0.4799531400203705,0.7051213979721069,-0.07526195049285889,0.46533864736557007,0.6163696646690369,-0.10788401961326599,0.4571595788002014,0.55665522813797,-0.10756822675466537,0.454318106174469,0.5302029848098755,-0.1012813150882721,C
0.4533417522907257,0.5215463638305664,-7.831451966922032e-07,0.5088335275650024,0.4328724145889282,-0.029042573645710945,0.5763232111930847,0.3883565664291382,-0.04767714813351631,0.6219584345817566,0.33884090185165405,-0.06581398099660873,0.6594703197479248,0.2887633144855499,-0.0807575210928917,0.5978534817695618,0.5627913475036621,-0.050632450729608536,0.6374956965446472,0.5904507040977478,-0.08647947013378143,0.6215459704399109,0.5212522745132446,-0.09989562630653381,0.5956996083259583,0.45893222093582153,-0.104091115295887,0.5687903165817261,0.6348193287849426,-0.05141652375459671,0.5533941984176636,0.5147690773010254,-0.08860176056623459,0.5251396894454956,0.41152486205101013,-0.09385518729686737,0.5084248185157776,0.37290218472480774,-0.09367935359477997,0.5243261456489563,0.6684376001358032,-0.05628758296370506,0.49816110730171204,0.5346587896347046,-0.09416365623474121,0.48003914952278137,0.4394655227661133,-0.090693898499012,0.4737382233142853,0.3985324800014496,-0.08290734887123108,0.4801007807254791,0.6830918192863464,-0.06316812336444855,0.4605129659175873,0.6078435182571411,-0.09245948493480682,0.4498125910758972,0.5481768846511841,-0.09149499982595444,0.44493210315704346,0.5199536681175232,-0.0851307138800621,C
0.4522618055343628,0.5397099852561951,-8.392953532165848e-07,0.5079933404922485,0.44253405928611755,-0.024165160953998566,0.5737788081169128,0.3900800347328186,-0.041327230632305145,0.6169012188911438,0.33210891485214233,-0.05902982875704765,0.6542235016822815,0.276053786277771,-0.07343418151140213,0.5985747575759888,0.5611358284950256,-0.046979669481515884,0.6395981311798096,0.5790399312973022,-0.07959248125553131,0.6193369030952454,0.5047741532325745,-0.08998330682516098,0.5901429653167725,0.44366300106048584,-0.09264971315860748,0.5696707367897034,0.6329721212387085,-0.049821194261312485,0.5520036220550537,0.5021557211875916,-0.08420588076114655,0.5209636092185974,0.4026550352573395,-0.08854499459266663,0.505160391330719,0.37234562635421753,-0.08860470354557037,0.5244244933128357,0.6697182655334473,-0.0559886135160923,0.5001525282859802,0.5281480550765991,-0.09110905230045319,0.481189101934433,0.433254599571228,-0.08636380732059479,0.47618797421455383,0.3954993188381195,-0.07870921492576599,0.4795313775539398,0.6874970197677612,-0.0637609213590622,0.4629603326320648,0.6053205728530884,-0.09141704440116882,0.45422542095184326,0.5462638139724731,-0.0896950289607048,0.4515720307826996,0.5201989412307739,-0.08320778608322144,C
0.43581509590148926,0.5332288146018982,-8.824066526358365e-07,0.4985607862472534,0.43804803490638733,-0.018813539296388626,0.564972996711731,0.3878547251224518,-0.03478946536779404,0.6120483875274658,0.33279114961624146,-0.052453916519880295,0.6521265506744385,0.2771914303302765,-0.06788796186447144,0.5931890606880188,0.5667767524719238,-0.041673798114061356,0.6378699541091919,0.5746117830276489,-0.07341600209474564,0.6194368600845337,0.4988212287425995,-0.08512502163648605,0.5925241708755493,0.44044628739356995,-0.08901677280664444,0.5638715028762817,0.6345431208610535,-0.04669218510389328,0.5549424290657043,0.49790310859680176,-0.07856781780719757,0.5231873393058777,0.3950234651565552,-0.08285344392061234,0.504826009273529,0.3633071780204773,-0.08354390412569046,0.5195382833480835,0.6674612760543823,-0.05466998741030693,0.5006916522979736,0.5203038454055786,-0.08774654567241669,0.48022884130477905,0.424482136964798,-0.0839187353849411,0.47265109419822693,0.3860929608345032,-0.07737290859222412,0.47561803460121155,0.6828879117965698,-0.06378632038831711,0.46367937326431274,0.6014161705970764,-0.08829618990421295,0.45345428586006165,0.5376129746437073,-0.08573506027460098,0.44795238971710205,0.5069558024406433,-0.07937069982290268,C
0.4253619313240051,0.6021590828895569,-8.627982310827065e-07,0.48650312423706055,0.49116629362106323,-0.009263670071959496,0.5477899312973022,0.41899508237838745,-0.021996794268488884,0.5837332010269165,0.3515850305557251,-0.0372343584895134,0.613324761390686,0.2839204668998718,-0.04980692267417908,0.5947974324226379,0.5792621970176697,-0.040722619742155075,0.6419979929924011,0.5521586537361145,-0.06895508617162704,0.6184483766555786,0.4713667035102844,-0.07616452127695084,0.5862634778022766,0.4181790351867676,-0.07760976254940033,0.5723981857299805,0.6492496728897095,-0.049793969839811325,0.5563693642616272,0.48904237151145935,-0.08010006695985794,0.5204530954360962,0.3918662667274475,-0.08306998759508133,0.5009438991546631,0.36775386333465576,-0.08349831402301788,0.5296743512153625,0.6932781934738159,-0.06030499190092087,0.5061656832695007,0.5234150886535645,-0.08930587023496628,0.4852135479450226,0.42254915833473206,-0.08448302000761032,0.47521111369132996,0.37685537338256836,-0.07875169813632965,0.4825066328048706,0.7205587029457092,-0.07127979397773743,0.46958738565444946,0.6246297359466553,-0.09354463964700699,0.46204671263694763,0.5610690712928772,-0.09161560982465744,0.4558063745498657,0.5272158980369568,-0.0864834263920784,C
0.4538130462169647,0.6420508623123169,-6.272488235481433e-07,0.5039705038070679,0.5176479816436768,-0.026075130328536034,0.5525395274162292,0.42847442626953125,-0.05559585615992546,0.578178882598877,0.35460495948791504,-0.0837777853012085,0.6017354726791382,0.277000367641449,-0.10988538712263107,0.5983490943908691,0.58854740858078,-0.0984715148806572,0.641332745552063,0.5489852428436279,-0.14767663180828094,0.6189135909080505,0.4727451205253601,-0.16307556629180908,0.5887779593467712,0.4208866357803345,-0.16899454593658447,0.5707606673240662,0.654151439666748,-0.10773739218711853,0.5570566654205322,0.494539350271225,-0.16656631231307983,0.5239489078521729,0.3945017457008362,-0.17384929955005646,0.5015976428985596,0.3625989854335785,-0.1742444634437561,0.5256665349006653,0.6995861530303955,-0.11831734329462051,0.503161609172821,0.533510148525238,-0.1717744618654251,0.48493826389312744,0.4282190799713135,-0.16782426834106445,0.4725196957588196,0.3788166642189026,-0.15925686061382294,0.47899407148361206,0.7275922298431396,-0.1299891173839569,0.46751222014427185,0.6315778493881226,-0.17462201416492462,0.46266552805900574,0.5699940323829651,-0.17980526387691498,0.45912879705429077,0.5396251082420349,-0.17755943536758423,C
0.4601958990097046,0.7075994610786438,-6.190882118062291e-07,0.5048781037330627,0.5809854865074158,-0.014073275960981846,0.5457839965820312,0.4750438332557678,-0.03162572160363197,0.5584653615951538,0.38447242975234985,-0.04898219555616379,0.5674273371696472,0.30267560482025146,-0.06611362099647522,0.6045333743095398,0.5984246134757996,-0.0626615434885025,0.6437116861343384,0.5578522682189941,-0.09685385227203369,0.6256411075592041,0.48470115661621094,-0.10805366933345795,0.5998349785804749,0.43732383847236633,-0.1131899431347847,0.5793367624282837,0.6641510725021362,-0.07201621681451797,0.5574156045913696,0.49801886081695557,-0.11088157445192337,0.5168412923812866,0.4020892381668091,-0.11639085412025452,0.4925537705421448,0.36966070532798767,-0.11820358037948608,0.5341207385063171,0.7086799144744873,-0.08219169825315475,0.5060412883758545,0.5372564196586609,-0.12214217334985733,0.4793280065059662,0.4413229525089264,-0.12269842624664307,0.46388277411460876,0.39547234773635864,-0.11880869418382645,0.4873257875442505,0.7377281188964844,-0.09184663742780685,0.4731106758117676,0.6291348338127136,-0.12778224050998688,0.4625149667263031,0.5693340301513672,-0.13309988379478455,0.4565945863723755,0.5410890579223633,-0.131777822971344,C
0.47276613116264343,0.7310413718223572,-3.4621368172338407e-07,0.5190370678901672,0.590590238571167,-0.021665509790182114,0.5462893843650818,0.4826807379722595,-0.05701275169849396,0.5512740612030029,0.38818761706352234,-0.08916685730218887,0.5616025924682617,0.2983890175819397,-0.12042660266160965,0.6068453788757324,0.604424774646759,-0.12127717584371567,0.6448369026184082,0.5648263692855835,-0.17092497646808624,0.6251967549324036,0.49482762813568115,-0.18155437707901,0.596696138381958,0.44130221009254456,-0.1847831755876541,0.5759584307670593,0.6695148348808289,-0.133489191532135,0.5562078356742859,0.5000154972076416,-0.19383728504180908,0.5191436409950256,0.3989771008491516,-0.19812607765197754,0.49437305331230164,0.35897672176361084,-0.19774436950683594,0.5302898287773132,0.7130591869354248,-0.1443278193473816,0.5025629997253418,0.5352904200553894,-0.20064496994018555,0.4802752733230591,0.44237855076789856,-0.19575323164463043,0.4658680260181427,0.4030521810054779,-0.18744230270385742,0.4828670024871826,0.740239143371582,-0.15440241992473602,0.4715849757194519,0.6338707208633423,-0.2068173736333847,0.46624574065208435,0.5812546610832214,-0.2149929404258728,0.46490049362182617,0.5587274432182312,-0.21439465880393982,C
0.49440351128578186,0.7847706079483032,-3.1508554343417927e-07,0.5344605445861816,0.6498469114303589,-0.01283614058047533,0.5577353835105896,0.5262934565544128,-0.03918398544192314,0.5547198057174683,0.41798919439315796,-0.06343583762645721,0.5590805411338806,0.3200228810310364,-0.08767601102590561,0.6118312478065491,0.6163011789321899,-0.09006743133068085,0.6495134234428406,0.5629295706748962,-0.13131117820739746,0.6257659196853638,0.49092867970466614,-0.13980111479759216,0.5917051434516907,0.44867661595344543,-0.14069363474845886,0.5803020000457764,0.6745819449424744,-0.10206669569015503,0.5632636547088623,0.4979533851146698,-0.14810559153556824,0.5178201198577881,0.4117142856121063,-0.1484445482492447,0.4886285960674286,0.383880615234375,-0.14502957463264465,0.5354005098342896,0.7132798433303833,-0.11292076110839844,0.5048200488090515,0.5256267786026001,-0.15709157288074493,0.4771795868873596,0.4436914622783661,-0.15126070380210876,0.4636165499687195,0.41613632440567017,-0.1421796679496765,0.490616112947464,0.7341281175613403,-0.12215596437454224,0.4714103937149048,0.6026976108551025,-0.16162902116775513,0.4658190608024597,0.5587736964225769,-0.16546908020973206,0.4690183997154236,0.553281307220459,-0.16235005855560303,C
0.5309061408042908,0.8194012641906738,8.53663877364852e-08,0.5740771889686584,0.7174117565155029,-0.0038858733605593443,0.5858411192893982,0.5896192789077759,-0.03108939528465271,0.5703487992286682,0.4720759689807892,-0.05198792368173599,0.5563818216323853,0.36645132303237915,-0.07481686025857925,0.6211000084877014,0.6401998400688171,-0.12508682906627655,0.6429983973503113,0.5520514249801636,-0.16629332304000854,0.6199108362197876,0.4749671220779419,-0.16800695657730103,0.5902935862541199,0.4486505091190338,-0.1604711413383484,0.5840724110603333,0.686916708946228,-0.13507258892059326,0.5622034668922424,0.49677562713623047,-0.18371637165546417,0.5326641798019409,0.40240707993507385,-0.17397469282150269,0.5115413665771484,0.3853389024734497,-0.1598171591758728,0.5353935956954956,0.7225088477134705,-0.1382574439048767,0.4991665184497833,0.5240899920463562,-0.18813785910606384,0.4785245954990387,0.4334057569503784,-0.1771508753299713,0.47015145421028137,0.4169819951057434,-0.15838149189949036,0.48593670129776,0.7477464079856873,-0.13570116460323334,0.4618492126464844,0.5984088182449341,-0.17014528810977936,0.464145690202713,0.5562379360198975,-0.16264545917510986,0.47378411889076233,0.5745986104011536,-0.1493077129125595,C
0.5200042724609375,0.7936421036720276,1.4749880961062445e-07,0.5665913224220276,0.6931643486022949,-0.016349410638213158,0.5811041593551636,0.5816261172294617,-0.05463043600320816,0.5659798979759216,0.47494634985923767,-0.08405870944261551,0.5563138723373413,0.36968228220939636,-0.1151469349861145,0.617480456829071,0.6346222162246704,-0.15388421714305878,0.6398255825042725,0.5590599775314331,-0.20347650349140167,0.6181986927986145,0.4814862906932831,-0.2080560028553009,0.5911339521408081,0.4447607696056366,-0.20275090634822845,0.5793768167495728,0.6837486624717712,-0.1612592488527298,0.5557087063789368,0.4986684024333954,-0.22129158675670624,0.52921062707901,0.40602123737335205,-0.21475495398044586,0.5110279321670532,0.3830323815345764,-0.2025490701198578,0.5308937430381775,0.7147173881530762,-0.16188757121562958,0.49324285984039307,0.5231707692146301,-0.21969857811927795,0.4752734303474426,0.43234652280807495,-0.20826531946659088,0.4691303074359894,0.40939685702323914,-0.1890660971403122,0.4826803505420685,0.7321151494979858,-0.15776117146015167,0.45554763078689575,0.5879771113395691,-0.19782410562038422,0.45664215087890625,0.5463799238204956,-0.1916278600692749,0.46450546383857727,0.5583245158195496,-0.1791149228811264,C
0.5167868137359619,0.7825247049331665,2.1387064919053955e-07,0.5566747784614563,0.6582049131393433,-0.01872619055211544,0.567983865737915,0.5501585006713867,-0.06818738579750061,0.5544390082359314,0.4508605897426605,-0.10813824087381363,0.5509774088859558,0.34713858366012573,-0.1491733193397522,0.6148819923400879,0.6273002624511719,-0.18639862537384033,0.6335569024085999,0.5619368553161621,-0.24382513761520386,0.6145931482315063,0.48561781644821167,-0.2475959062576294,0.589928388595581,0.44139373302459717,-0.24200618267059326,0.5770377516746521,0.6772872805595398,-0.19841095805168152,0.5569930076599121,0.5108174085617065,-0.2674044668674469,0.5280027389526367,0.41655343770980835,-0.2579510509967804,0.506925642490387,0.38393521308898926,-0.24476422369480133,0.5292275547981262,0.7078474760055542,-0.2025880366563797,0.4959690570831299,0.5405982136726379,-0.26707351207733154,0.4741241931915283,0.44356030225753784,-0.25302794575691223,0.46288344264030457,0.406791627407074,-0.23420347273349762,0.48104462027549744,0.7244436740875244,-0.2021295428276062,0.45710527896881104,0.6067183613777161,-0.24802814424037933,0.45752185583114624,0.5671799778938293,-0.24284180998802185,0.4635275602340698,0.574698269367218,-0.23272112011909485,C
0.517727792263031,0.7297705411911011,2.056047065934763e-07,0.5561593174934387,0.6039380431175232,-0.04663937911391258,0.5692242383956909,0.4932463765144348,-0.10028988122940063,0.5524337887763977,0.40978217124938965,-0.14380696415901184,0.5442016124725342,0.3293181359767914,-0.1908174306154251,0.6117568016052246,0.6116612553596497,-0.17288704216480255,0.6251125931739807,0.5679418444633484,-0.2449590414762497,0.6083896160125732,0.5022384524345398,-0.27802979946136475,0.5910276174545288,0.4562913179397583,-0.2949993312358856,0.574503481388092,0.6748945713043213,-0.1768471747636795,0.5449910163879395,0.5227643847465515,-0.24981877207756042,0.5158734917640686,0.42851775884628296,-0.2692737877368927,0.503779411315918,0.3840121626853943,-0.2816588580608368,0.5286469459533691,0.7149166464805603,-0.1784045547246933,0.48733311891555786,0.5492282509803772,-0.24665963649749756,0.4691900908946991,0.4495231509208679,-0.2572433054447174,0.4673924446105957,0.406460702419281,-0.2594379484653473,0.48356401920318604,0.7378506660461426,-0.1792924851179123,0.45627346634864807,0.6289506554603577,-0.23356790840625763,0.4596481919288635,0.5808060169219971,-0.24577707052230835,0.4705275595188141,0.5698686838150024,-0.25116997957229614,C
